{"type":"FeatureCollection","name":"belmar_road_centerlines","metadata":{"source":"NJOGIS NG911 Road Centerlines (Tran_road)","url":"https://services2.arcgis.com/XVOqAjTOJ5P6ngMu/arcgis/rest/services/Tran_road/FeatureServer/0","query_url":"https://services2.arcgis.com/XVOqAjTOJ5P6ngMu/arcgis/rest/services/Tran_road/FeatureServer/0/query","retrieved_at_utc":"2026-09-04T20:05:00.125326+00:00","source_last_edit_date":1785341586960,"out_sr":4326,"query_envelope_wgs84":[-74.0505722,40.1671832,-74.00727,40.188902],"spatial_relationship":"esriSpatialRelIntersects","boundary_file":"belmar_boundary.geojson","boundary_sha256":"369c2a5329239eda459bfd113103993d00dd9c535828ce3c3e3ff90f84adbdce","fields":["OBJECTID","PRIMENAME","ELEVTYP_F","ELEVTYP_T"],"feature_count":848,"complete_objectid_inventory_verified":true,"municipal_clipping":"Envelope selection only; clip against the actual municipal boundary in the application."},"features":[{"type":"Feature","id":1217,"properties":{"OBJECTID":1217,"PRIMENAME":"4th Avenue","ELEVTYP_F":0,"ELEVTYP_T":0},"geometry":{"type":"LineString","coordinates":[[-74.0115711324913,40.1828933514211],[-74.0117156930072,40.1829241041349],[-74.0122025535052,40.1830276491744]]}},{"type":"Feature","id":1240,"properties":{"OBJECTID":1240,"PRIMENAME":"Gabrielle Lane","ELEVTYP_F":0,"ELEVTYP_T":0},"geometry":{"type":"LineString","coordinates":[[-74.0122025535052,40.1830276491744],[-74.0121678447316,40.1831261954075],[-74.0120321178358,40.1835109218097]]}},{"type":"Feature","id":1516,"properties":{"OBJECTID":1516,"PRIMENAME":"Hampton Court","ELEVTYP_F":0,"ELEVTYP_T":0},"geometry":{"type":"LineString","coordinates":[[-74.0503799301028,40.1905801827442],[-74.0503431215085,40.1904352003145],[-74.0499494063493,40.1888847087814],[-74.0499284379985,40.1888021865911]]}},{"type":"Feature","id":1651,"properties":{"OBJECTID":1651,"PRIMENAME":"Surf Avenue","ELEVTYP_F":0,"ELEVTYP_T":0},"geometry":{"type":"LineString","coordinates":[[-74.0176646956358,40.1698132012798],[-74.0179914309642,40.1689261914151],[-74.0180141249028,40.1688645173648]]}},{"type":"Feature","id":1766,"properties":{"OBJECTID":1766,"PRIMENAME":"North Lake Drive","ELEVTYP_F":0,"ELEVTYP_T":0},"geometry":{"type":"LineString","coordinates":[[-74.0161651392071,40.1823645495524],[-74.0164701437697,40.1823216249223],[-74.0169261442308,40.1822600029151],[-74.0178298760377,40.1821367190674],[-74.0180122683809,40.182112057855],[-74.0180332518078,40.1821055558628]]}},{"type":"Feature","id":1973,"properties":{"OBJECTID":1973,"PRIMENAME":"Hilltop Drive","ELEVTYP_F":0,"ELEVTYP_T":0},"geometry":{"type":"LineString","coordinates":[[-74.0392951626982,40.1736356313841],[-74.0399689857752,40.1735648468513],[-74.0401964675723,40.1735412898696]]}},{"type":"Feature","id":2914,"properties":{"OBJECTID":2914,"PRIMENAME":"Pinewood Drive","ELEVTYP_F":0,"ELEVTYP_T":0},"geometry":{"type":"LineString","coordinates":[[-74.0499284379985,40.1888021865911],[-74.0499872979494,40.188789513219],[-74.0500867046677,40.1887946758686],[-74.050210700892,40.1888380667911],[-74.0504893894941,40.1889868717899],[-74.0506380125583,40.1890684888908],[-74.0507555922306,40.1891404318705],[-74.0508235482212,40.1891978794709],[-74.050854182137,40.189269512895],[-74.0509095371244,40.1893650425719],[-74.0509761673176,40.1896178928806],[-74.0511034726024,40.1901045182659],[-74.0511337566431,40.1902238077082],[-74.0511766874812,40.190314513688],[-74.0512382324082,40.1904053179268],[-74.0513369721951,40.1905010164509],[-74.0515285297511,40.1906733653285],[-74.0516820120038,40.1908114704636]]}},{"type":"Feature","id":3023,"properties":{"OBJECTID":3023,"PRIMENAME":"Bellewood Avenue","ELEVTYP_F":0,"ELEVTYP_T":0},"geometry":{"type":"LineString","coordinates":[[-74.0398172405879,40.1691041902122],[-74.0398245763321,40.169188993061],[-74.0399218194211,40.1703106317698]]}},{"type":"Feature","id":3208,"properties":{"OBJECTID":3208,"PRIMENAME":"19th Avenue","ELEVTYP_F":0,"ELEVTYP_T":0},"geometry":{"type":"LineString","coordinates":[[-74.0194467203725,40.1701420822634],[-74.019610708994,40.1701244519942],[-74.0204838728753,40.1700292689303]]}},{"type":"Feature","id":3657,"properties":{"OBJECTID":3657,"PRIMENAME":"South Concourse","ELEVTYP_F":0,"ELEVTYP_T":0},"geometry":{"type":"LineString","coordinates":[[-74.0281843661922,40.188889084999],[-74.0291368243285,40.1891004226007],[-74.0303282964629,40.1893483277906],[-74.0304441221552,40.1893742191996]]}},{"type":"Feature","id":3853,"properties":{"OBJECTID":3853,"PRIMENAME":"4th Avenue","ELEVTYP_F":0,"ELEVTYP_T":0},"geometry":{"type":"LineString","coordinates":[[-74.0186932835085,40.1893544573377],[-74.0187494263608,40.188881324635]]}},{"type":"Feature","id":4312,"properties":{"OBJECTID":4312,"PRIMENAME":"Cliffwood Drive","ELEVTYP_F":0,"ELEVTYP_T":0},"geometry":{"type":"LineString","coordinates":[[-74.0463438674707,40.1873879451556],[-74.0462798576179,40.1874643697702],[-74.0452650343042,40.1886757449955],[-74.0448502718491,40.1891730381904],[-74.0448014528938,40.1892315694106],[-74.0447232157353,40.1893260002463]]}},{"type":"Feature","id":4856,"properties":{"OBJECTID":4856,"PRIMENAME":"Sommers Street","ELEVTYP_F":0,"ELEVTYP_T":0},"geometry":{"type":"LineString","coordinates":[[-74.0495658333313,40.1725322259571],[-74.0499550682714,40.1728985314878],[-74.0500529402382,40.1729915925942]]}},{"type":"Feature","id":4884,"properties":{"OBJECTID":4884,"PRIMENAME":"4th Avenue","ELEVTYP_F":0,"ELEVTYP_T":0},"geometry":{"type":"LineString","coordinates":[[-74.0187494263608,40.188881324635],[-74.0187836906592,40.1885928249402],[-74.0188005155467,40.1884511573936],[-74.0188254331672,40.1882413351436]]}},{"type":"Feature","id":5119,"properties":{"OBJECTID":5119,"PRIMENAME":"Xandau Lane","ELEVTYP_F":0,"ELEVTYP_T":0},"geometry":{"type":"LineString","coordinates":[[-74.0487027023359,40.1683691202213],[-74.0487131986493,40.1684302262777],[-74.0487247228532,40.16847050273],[-74.0487449628603,40.1685087019585],[-74.0487733366088,40.1685437219609],[-74.0488090301186,40.1685745553024],[-74.0492022125367,40.1688564186752],[-74.0492361215855,40.1688837412945],[-74.0492656502495,40.1689139065075],[-74.049290397361,40.1689465047481],[-74.0493100241874,40.1689810942688],[-74.0493275094676,40.16902510556],[-74.0493353650315,40.1690402008944],[-74.0493464033073,40.1690540773879],[-74.0493603099182,40.1690663393185],[-74.0493766961655,40.1690766447157],[-74.0493950966982,40.1690847026496],[-74.0494149917425,40.1690902850258],[-74.0494358281684,40.1690932365758],[-74.0494570136441,40.1690934712309],[-74.0494779517675,40.1690909857696],[-74.0494980527225,40.1690858463488],[-74.0495167507999,40.1690782020819],[-74.0495335174432,40.1690682652747],[-74.0495478811659,40.1690563178078],[-74.0495594382244,40.1690426949651],[-74.0495678620524,40.1690277791665],[-74.0495729138622,40.1690119946041],[-74.0495744545459,40.1689957829706],[-74.0495724364509,40.1689796043278],[-74.0495669199941,40.1689639101508],[-74.0495239566897,40.16888949192],[-74.0495058959187,40.1688494044783],[-74.0494968435399,40.1688075606341],[-74.0494817425446,40.1684029132132],[-74.0494797808708,40.168389038724],[-74.0494749811668,40.1683755747095],[-74.0494674679649,40.1683628639122],[-74.0494574246526,40.1683512258854],[-74.0494451087582,40.1683409534507],[-74.0494308308782,40.1683323036089],[-74.0494149476215,40.1683254993143],[-74.0493978605957,40.1683207051519],[-74.0493800010145,40.1683180470934],[-74.0493618192924,40.1683175881375],[-74.0487027023359,40.1683691202213]]}},{"type":"Feature","id":5239,"properties":{"OBJECTID":5239,"PRIMENAME":"16th Avenue","ELEVTYP_F":0,"ELEVTYP_T":0},"geometry":{"type":"LineString","coordinates":[[-74.0385845452921,40.1761269083957],[-74.0375790187192,40.1759526622688],[-74.0374064948682,40.1759241358295]]}},{"type":"Feature","id":5283,"properties":{"OBJECTID":5283,"PRIMENAME":"Grove Street","ELEVTYP_F":0,"ELEVTYP_T":0},"geometry":{"type":"LineString","coordinates":[[-74.0432121648613,40.1714732706117],[-74.0432122929804,40.1716998665224],[-74.0432071806893,40.1724624003565],[-74.0432066986537,40.1725342978086]]}},{"type":"Feature","id":5743,"properties":{"OBJECTID":5743,"PRIMENAME":"5th Avenue","ELEVTYP_F":0,"ELEVTYP_T":0},"geometry":{"type":"LineString","coordinates":[[-74.0153402468374,40.1826094084981],[-74.014298305675,40.1823868756633],[-74.0140926664002,40.1823435431825]]}},{"type":"Feature","id":6094,"properties":{"OBJECTID":6094,"PRIMENAME":"16th Avenue","ELEVTYP_F":0,"ELEVTYP_T":0},"geometry":{"type":"LineString","coordinates":[[-74.0234123976035,40.173826185257],[-74.0222983439823,40.1735886031541],[-74.0214853116452,40.1734164389378]]}},{"type":"Feature","id":6301,"properties":{"OBJECTID":6301,"PRIMENAME":"B Street","ELEVTYP_F":0,"ELEVTYP_T":0},"geometry":{"type":"LineString","coordinates":[[-74.0193064462342,40.1736868538997],[-74.0190582267409,40.1743706587064]]}},{"type":"Feature","id":6659,"properties":{"OBJECTID":6659,"PRIMENAME":"A Street","ELEVTYP_F":0,"ELEVTYP_T":0},"geometry":{"type":"LineString","coordinates":[[-74.0188924266326,40.1690535037635],[-74.0185508555438,40.1700006026741]]}},{"type":"Feature","id":6947,"properties":{"OBJECTID":6947,"PRIMENAME":"Belmar Boulevard","ELEVTYP_F":0,"ELEVTYP_T":0},"geometry":{"type":"LineString","coordinates":[[-74.0488056081413,40.1771252913221],[-74.0487258893995,40.1771168267884],[-74.0484714339509,40.1770777306264],[-74.0478545074203,40.1769894784912]]}},{"type":"Feature","id":7096,"properties":{"OBJECTID":7096,"PRIMENAME":"Central Avenue","ELEVTYP_F":0,"ELEVTYP_T":0},"geometry":{"type":"LineString","coordinates":[[-74.0394697471236,40.1684662618753],[-74.0394483482914,40.1678625453131],[-74.039445024679,40.1677930492093]]}},{"type":"Feature","id":7276,"properties":{"OBJECTID":7276,"PRIMENAME":"17th Avenue","ELEVTYP_F":0,"ELEVTYP_T":0},"geometry":{"type":"LineString","coordinates":[[-74.025292878888,40.1732183388148],[-74.0260776218873,40.1731881430188],[-74.0261730973336,40.1731837295734]]}},{"type":"Feature","id":7436,"properties":{"OBJECTID":7436,"PRIMENAME":"E Street","ELEVTYP_F":0,"ELEVTYP_T":0},"geometry":{"type":"LineString","coordinates":[[-74.0240125615305,40.1779491129614],[-74.0236844243439,40.1788417871841],[-74.0236422335427,40.1789586169406]]}},{"type":"Feature","id":7538,"properties":{"OBJECTID":7538,"PRIMENAME":"18th Avenue","ELEVTYP_F":0,"ELEVTYP_T":0},"geometry":{"type":"LineString","coordinates":[[-74.0417320054557,40.1690616835101],[-74.0411038504798,40.1690747331844],[-74.0407075698018,40.1690843627222]]}},{"type":"Feature","id":7722,"properties":{"OBJECTID":7722,"PRIMENAME":"Main Avenue","ELEVTYP_F":0,"ELEVTYP_T":0},"geometry":{"type":"LineString","coordinates":[[-74.0273150589645,40.1745759519274],[-74.0273031234362,40.1746587439313]]}},{"type":"Feature","id":8398,"properties":{"OBJECTID":8398,"PRIMENAME":"C Street","ELEVTYP_F":0,"ELEVTYP_T":0},"geometry":{"type":"LineString","coordinates":[[-74.0172382685324,40.1851864683699],[-74.0171918930243,40.1853158236864],[-74.0171577136756,40.1854112716675]]}},{"type":"Feature","id":9792,"properties":{"OBJECTID":9792,"PRIMENAME":"I Street","ELEVTYP_F":0,"ELEVTYP_T":0},"geometry":{"type":"LineString","coordinates":[[-74.0352847043117,40.1724786408818],[-74.0352798180999,40.1723974980829],[-74.0352295769517,40.1715680049833],[-74.0352260509704,40.1715077867856]]}},{"type":"Feature","id":11448,"properties":{"OBJECTID":11448,"PRIMENAME":"K Street","ELEVTYP_F":0,"ELEVTYP_T":0},"geometry":{"type":"LineString","coordinates":[[-74.037719594635,40.1714594597045],[-74.0377327376128,40.1716638157658],[-74.0377383494501,40.171754377065],[-74.0378356319008,40.172074095537],[-74.0378584172475,40.1721548422317]]}},{"type":"Feature","id":11818,"properties":{"OBJECTID":11818,"PRIMENAME":"K Street","ELEVTYP_F":0,"ELEVTYP_T":0},"geometry":{"type":"LineString","coordinates":[[-74.0327613532243,40.1774104402852],[-74.0327163183983,40.1765146140516],[-74.0327118122673,40.1764253747474]]}},{"type":"Feature","id":12156,"properties":{"OBJECTID":12156,"PRIMENAME":"Bellewood Avenue","ELEVTYP_F":0,"ELEVTYP_T":0},"geometry":{"type":"LineString","coordinates":[[-74.0399831479819,40.1709691102889],[-74.0400152323693,40.1713106669756],[-74.0400174677158,40.1713400776052],[-74.0400145599551,40.171357224879],[-74.0400060849684,40.1713722352414],[-74.0399976030547,40.171382879987],[-74.0399835320282,40.1713946292745],[-74.0399639281223,40.1713988061888],[-74.0399387276952,40.171405184637]]}},{"type":"Feature","id":14337,"properties":{"OBJECTID":14337,"PRIMENAME":"Green Street","ELEVTYP_F":0,"ELEVTYP_T":0},"geometry":{"type":"LineString","coordinates":[[-74.0280368124938,40.1747298967639],[-74.0280364290744,40.1747355829807],[-74.0280311216597,40.174814597615]]}},{"type":"Feature","id":15779,"properties":{"OBJECTID":15779,"PRIMENAME":"Schooner Circle","ELEVTYP_F":0,"ELEVTYP_T":0},"geometry":{"type":"LineString","coordinates":[[-74.0287409489471,40.1838932392463],[-74.0288509864129,40.183819427246],[-74.0288880141974,40.1838116988118],[-74.0289249874762,40.1838118492605],[-74.0289639485496,40.1838246091474],[-74.0289987160847,40.1838436648009],[-74.0290641055124,40.1838959268514],[-74.029080338755,40.1839243515775],[-74.0290842002883,40.1839558828492],[-74.0290655364997,40.1839841377041],[-74.0290599535137,40.1839897856517],[-74.0290407009915,40.1840092655204],[-74.0290160218482,40.1840170442401],[-74.0289728590466,40.1840215908839],[-74.02893382054,40.1840198396514],[-74.028872473165,40.1839833522097],[-74.0287409489471,40.1838932392463]]}},{"type":"Feature","id":15846,"properties":{"OBJECTID":15846,"PRIMENAME":"Belmar Boulevard","ELEVTYP_F":0,"ELEVTYP_T":0},"geometry":{"type":"LineString","coordinates":[[-74.0478545074203,40.1769894784912],[-74.0475464746441,40.1769454208748],[-74.0467079379104,40.1768147328004]]}},{"type":"Feature","id":16962,"properties":{"OBJECTID":16962,"PRIMENAME":"18th Avenue","ELEVTYP_F":0,"ELEVTYP_T":0},"geometry":{"type":"LineString","coordinates":[[-74.0285882459497,40.170504978432],[-74.0274366047732,40.1707593827716]]}},{"type":"Feature","id":18265,"properties":{"OBJECTID":18265,"PRIMENAME":"South Concourse","ELEVTYP_F":0,"ELEVTYP_T":0},"geometry":{"type":"LineString","coordinates":[[-74.0251549844396,40.1882439584327],[-74.0265244606536,40.1885321219504],[-74.0278896126339,40.1888236715027],[-74.0281843661922,40.188889084999]]}},{"type":"Feature","id":19090,"properties":{"OBJECTID":19090,"PRIMENAME":"Glenmere Avenue","ELEVTYP_F":0,"ELEVTYP_T":0},"geometry":{"type":"LineString","coordinates":[[-74.0466160996938,40.189988175033],[-74.0466298683224,40.1899631640487],[-74.0466306934126,40.1898392460046],[-74.0465638497654,40.1890025292743]]}},{"type":"Feature","id":20003,"properties":{"OBJECTID":20003,"PRIMENAME":"14th Avenue","ELEVTYP_F":0,"ELEVTYP_T":0},"geometry":{"type":"LineString","coordinates":[[-74.0229243594678,40.1752010384875],[-74.0216489704538,40.1749299519501],[-74.020994443637,40.1747865501207]]}},{"type":"Feature","id":23088,"properties":{"OBJECTID":23088,"PRIMENAME":"Sea Spray Lane","ELEVTYP_F":0,"ELEVTYP_T":0},"geometry":{"type":"LineString","coordinates":[[-74.029086517943,40.1844645897258],[-74.0291521353807,40.1844012490548],[-74.0294910231112,40.1841012236134],[-74.0297662513922,40.1838762963994],[-74.0298439371774,40.183806662683],[-74.0298937129751,40.183709984462],[-74.0299078497316,40.1836806590998],[-74.0299361267429,40.1836220065826]]}},{"type":"Feature","id":25193,"properties":{"OBJECTID":25193,"PRIMENAME":"5th Avenue","ELEVTYP_F":0,"ELEVTYP_T":0},"geometry":{"type":"LineString","coordinates":[[-74.0207572491153,40.1837635846659],[-74.0198923185767,40.1835797469267]]}},{"type":"Feature","id":26013,"properties":{"OBJECTID":26013,"PRIMENAME":"Grove Street","ELEVTYP_F":0,"ELEVTYP_T":0},"geometry":{"type":"LineString","coordinates":[[-74.0431514254407,40.1690355295208],[-74.0431549464389,40.1691402482377],[-74.0432118886672,40.1708419667848],[-74.0432121648613,40.1714732706117]]}},{"type":"Feature","id":27397,"properties":{"OBJECTID":27397,"PRIMENAME":"Belmont Avenue","ELEVTYP_F":0,"ELEVTYP_T":0},"geometry":{"type":"LineString","coordinates":[[-74.0285924446789,40.1712244753827],[-74.0284394973837,40.1712579774493],[-74.0288601656641,40.1724225880217],[-74.0288811281379,40.1724806805925]]}},{"type":"Feature","id":38755,"properties":{"OBJECTID":38755,"PRIMENAME":"Leon Lane","ELEVTYP_F":0,"ELEVTYP_T":0},"geometry":{"type":"LineString","coordinates":[[-74.0154760383891,40.1736124496804],[-74.0156059356398,40.1732555088562]]}},{"type":"Feature","id":40752,"properties":{"OBJECTID":40752,"PRIMENAME":"4th Avenue","ELEVTYP_F":0,"ELEVTYP_T":0},"geometry":{"type":"LineString","coordinates":[[-74.0122025535052,40.1830276491744],[-74.0137283664993,40.1833521624372]]}},{"type":"Feature","id":42412,"properties":{"OBJECTID":42412,"PRIMENAME":"Cottage Place","ELEVTYP_F":0,"ELEVTYP_T":0},"geometry":{"type":"LineString","coordinates":[[-74.0381860238364,40.1684887113007],[-74.0381887022186,40.1685581219943],[-74.0382101770301,40.1690538944492],[-74.0382136426516,40.1691339606036]]}},{"type":"Feature","id":42772,"properties":{"OBJECTID":42772,"PRIMENAME":"L Street","ELEVTYP_F":0,"ELEVTYP_T":0},"geometry":{"type":"LineString","coordinates":[[-74.034682837516,40.1750575315985],[-74.0346904390099,40.1750021785697],[-74.0347754415291,40.174382940256],[-74.03479092086,40.1742700619465]]}},{"type":"Feature","id":42778,"properties":{"OBJECTID":42778,"PRIMENAME":"North Boulevard","ELEVTYP_F":0,"ELEVTYP_T":0},"geometry":{"type":"LineString","coordinates":[[-74.0206215637393,40.1692276760621],[-74.0204993174858,40.1692178028019],[-74.0203341935909,40.1692039139959]]}},{"type":"Feature","id":42944,"properties":{"OBJECTID":42944,"PRIMENAME":"Parkway","ELEVTYP_F":0,"ELEVTYP_T":0},"geometry":{"type":"LineString","coordinates":[[-74.0236573822092,40.1715817808522],[-74.0236434927091,40.1714032534388],[-74.0233881968567,40.170727738954],[-74.0229750020761,40.1696343845867],[-74.0229113825232,40.1695100314898],[-74.0228063631361,40.1693047511059]]}},{"type":"Feature","id":43377,"properties":{"OBJECTID":43377,"PRIMENAME":"Washington Avenue","ELEVTYP_F":0,"ELEVTYP_T":0},"geometry":{"type":"LineString","coordinates":[[-74.0123282774589,40.1888529714583],[-74.0111405751489,40.1887584396264],[-74.0101592798534,40.1886780279808],[-74.0100814340437,40.1886716595482]]}},{"type":"Feature","id":43554,"properties":{"OBJECTID":43554,"PRIMENAME":"White Street","ELEVTYP_F":0,"ELEVTYP_T":0},"geometry":{"type":"LineString","coordinates":[[-74.0244257837929,40.1733056209743],[-74.0244059579982,40.1732337230872],[-74.0241227917681,40.1722062397637]]}},{"type":"Feature","id":43829,"properties":{"OBJECTID":43829,"PRIMENAME":"Woodward Court","ELEVTYP_F":0,"ELEVTYP_T":0},"geometry":{"type":"LineString","coordinates":[[-74.0431138997198,40.1874430515186],[-74.0430358006815,40.1874048590394],[-74.0424753890158,40.1871308008969],[-74.042465956961,40.1871261872859],[-74.0423917143009,40.1870734591894],[-74.0423607817118,40.187025370511],[-74.0423548369355,40.1870161294919],[-74.0423428977805,40.1869445686117],[-74.0423380463791,40.1867396149885]]}},{"type":"Feature","id":43995,"properties":{"OBJECTID":43995,"PRIMENAME":"West Railroad Avenue","ELEVTYP_F":0,"ELEVTYP_T":0},"geometry":{"type":"LineString","coordinates":[[-74.0264094343298,40.1827799625764],[-74.0264413431953,40.1826898011887],[-74.0267329033583,40.1818664249716],[-74.0267412994154,40.1818427678965]]}},{"type":"Feature","id":44846,"properties":{"OBJECTID":44846,"PRIMENAME":"Briarwood Road","ELEVTYP_F":0,"ELEVTYP_T":0},"geometry":{"type":"LineString","coordinates":[[-74.0355974915256,40.1756222433909],[-74.035586152711,40.1757159215325],[-74.0354149533535,40.1771307513215],[-74.0353694223566,40.1774308742928],[-74.0353494103442,40.1776309236051],[-74.0353425685844,40.1777548176493],[-74.0353423058612,40.1777595937878],[-74.0353661068229,40.1779169655931],[-74.0354191803162,40.1783318243038],[-74.0354311070955,40.1784251012699]]}},{"type":"Feature","id":44889,"properties":{"OBJECTID":44889,"PRIMENAME":"17th Avenue","ELEVTYP_F":0,"ELEVTYP_T":0},"geometry":{"type":"LineString","coordinates":[[-74.0398689275409,40.1718951312275],[-74.0408993805072,40.1717609694782]]}},{"type":"Feature","id":45898,"properties":{"OBJECTID":45898,"PRIMENAME":"17th Avenue","ELEVTYP_F":0,"ELEVTYP_T":0},"geometry":{"type":"LineString","coordinates":[[-74.0261730973336,40.1731837295734],[-74.0272149543085,40.1731356088364],[-74.0273663111846,40.173128622376]]}},{"type":"Feature","id":45996,"properties":{"OBJECTID":45996,"PRIMENAME":"New Bedford Road","ELEVTYP_F":0,"ELEVTYP_T":0},"geometry":{"type":"LineString","coordinates":[[-74.0224279389341,40.1718516004262],[-74.0200504297621,40.1723721559976]]}},{"type":"Feature","id":46304,"properties":{"OBJECTID":46304,"PRIMENAME":"D Street","ELEVTYP_F":0,"ELEVTYP_T":0},"geometry":{"type":"LineString","coordinates":[[-74.0227823027336,40.1756012626315],[-74.0229243594678,40.1752010384875]]}},{"type":"Feature","id":46638,"properties":{"OBJECTID":46638,"PRIMENAME":"Walling Avenue","ELEVTYP_F":0,"ELEVTYP_T":0},"geometry":{"type":"LineString","coordinates":[[-74.0300848099904,40.1723275266105],[-74.0297029129631,40.1723761050283]]}},{"type":"Feature","id":46764,"properties":{"OBJECTID":46764,"PRIMENAME":"8th Avenue","ELEVTYP_F":0,"ELEVTYP_T":0},"geometry":{"type":"LineString","coordinates":[[-74.0229164884301,40.1809699967358],[-74.0244174551493,40.1812860382677],[-74.0247356412417,40.1813530321329],[-74.0248897798519,40.1813860864389]]}},{"type":"Feature","id":46860,"properties":{"OBJECTID":46860,"PRIMENAME":"18th Avenue","ELEVTYP_F":0,"ELEVTYP_T":0},"geometry":{"type":"LineString","coordinates":[[-74.0375832697849,40.1691464887564],[-74.0371831005568,40.1691544433572],[-74.0367400184017,40.1691632408489]]}},{"type":"Feature","id":46868,"properties":{"OBJECTID":46868,"PRIMENAME":"Walling Avenue","ELEVTYP_F":0,"ELEVTYP_T":0},"geometry":{"type":"LineString","coordinates":[[-74.0318430529526,40.172010926733],[-74.0316414216527,40.1720371784475],[-74.0305221218341,40.1721828954565]]}},{"type":"Feature","id":47184,"properties":{"OBJECTID":47184,"PRIMENAME":"Marion Street","ELEVTYP_F":0,"ELEVTYP_T":0},"geometry":{"type":"LineString","coordinates":[[-74.0478545074203,40.1769894784912],[-74.0478754969024,40.1770679104194],[-74.0478997693376,40.1771585719556],[-74.0480680580714,40.177805190537],[-74.048251179438,40.1785087768957],[-74.048258718047,40.1785146012697]]}},{"type":"Feature","id":47337,"properties":{"OBJECTID":47337,"PRIMENAME":"Main Street","ELEVTYP_F":0,"ELEVTYP_T":0},"geometry":{"type":"LineString","coordinates":[[-74.0270424611572,40.1754188880254],[-74.0269426230108,40.1756902893164],[-74.0266840632234,40.1764094548194]]}},{"type":"Feature","id":47770,"properties":{"OBJECTID":47770,"PRIMENAME":"8th Avenue","ELEVTYP_F":0,"ELEVTYP_T":0},"geometry":{"type":"LineString","coordinates":[[-74.0130319407734,40.1788574008465],[-74.0131768482067,40.178888620654],[-74.0151909075597,40.1793226705815]]}},{"type":"Feature","id":47785,"properties":{"OBJECTID":47785,"PRIMENAME":"18th Avenue","ELEVTYP_F":0,"ELEVTYP_T":0},"geometry":{"type":"LineString","coordinates":[[-74.0521519998794,40.1693807090692],[-74.0517144299749,40.1694011481081],[-74.0516374306759,40.1694171477454],[-74.0515544308235,40.1694511475786],[-74.0514764306864,40.1694941473906],[-74.0514404302493,40.1695091474388],[-74.0513674307508,40.1695301476501],[-74.0511544303198,40.1695521489332],[-74.0507324301125,40.1695801481714],[-74.0506404308936,40.1695891483075],[-74.0504354298722,40.1695921479659],[-74.0503434297422,40.1695781490244],[-74.0503104307953,40.169558148283],[-74.0502864297282,40.1695351489945],[-74.0502664292081,40.169484146918],[-74.0502364319595,40.1688441474694],[-74.0502274304491,40.1683281485507],[-74.0502089922072,40.1680995737115]]}},{"type":"Feature","id":47791,"properties":{"OBJECTID":47791,"PRIMENAME":"B Street","ELEVTYP_F":0,"ELEVTYP_T":0},"geometry":{"type":"LineString","coordinates":[[-74.0188106840972,40.17505932486],[-74.0185604238304,40.175762144046]]}},{"type":"Feature","id":48096,"properties":{"OBJECTID":48096,"PRIMENAME":"18th Avenue","ELEVTYP_F":0,"ELEVTYP_T":0},"geometry":{"type":"LineString","coordinates":[[-74.0190905082788,40.171135902142],[-74.0182069977506,40.1709510963547]]}},{"type":"Feature","id":48649,"properties":{"OBJECTID":48649,"PRIMENAME":"Oakwood Road","ELEVTYP_F":0,"ELEVTYP_T":0},"geometry":{"type":"LineString","coordinates":[[-74.0388871141301,40.1784255477231],[-74.0388740017387,40.1783218068166],[-74.0388010506914,40.1777686462061],[-74.0385845452921,40.1761269083957]]}},{"type":"Feature","id":48893,"properties":{"OBJECTID":48893,"PRIMENAME":"Woodland Avenue","ELEVTYP_F":0,"ELEVTYP_T":0},"geometry":{"type":"LineString","coordinates":[[-74.0364432916231,40.1740332389349],[-74.0363808178735,40.1740366941757],[-74.0356779999895,40.1741387202476],[-74.03479092086,40.1742700619465]]}},{"type":"Feature","id":49000,"properties":{"OBJECTID":49000,"PRIMENAME":"5th Avenue","ELEVTYP_F":0,"ELEVTYP_T":0},"geometry":{"type":"LineString","coordinates":[[-74.039445024679,40.1677930492093],[-74.040585842812,40.1677765253653],[-74.0406789283903,40.1677751374538]]}},{"type":"Feature","id":49101,"properties":{"OBJECTID":49101,"PRIMENAME":"14th Avenue","ELEVTYP_F":0,"ELEVTYP_T":0},"geometry":{"type":"LineString","coordinates":[[-74.0318954031169,40.1764496393133],[-74.0320457116419,40.1764451680118],[-74.0322985495427,40.1764376548431]]}},{"type":"Feature","id":49291,"properties":{"OBJECTID":49291,"PRIMENAME":"17th Avenue","ELEVTYP_F":0,"ELEVTYP_T":0},"geometry":{"type":"LineString","coordinates":[[-74.038999687197,40.1720082924083],[-74.0398689275409,40.1718951312275]]}},{"type":"Feature","id":49425,"properties":{"OBJECTID":49425,"PRIMENAME":"Inlet Terrace","ELEVTYP_F":0,"ELEVTYP_T":0},"geometry":{"type":"LineString","coordinates":[[-74.0148713676192,40.1857597510706],[-74.0149021423022,40.1857256462419],[-74.014976335393,40.1856665494276]]}},{"type":"Feature","id":49496,"properties":{"OBJECTID":49496,"PRIMENAME":"B Street","ELEVTYP_F":0,"ELEVTYP_T":0},"geometry":{"type":"LineString","coordinates":[[-74.0195515328601,40.1730050403804],[-74.0193630154649,40.1735311580244],[-74.0193064462342,40.1736868538997]]}},{"type":"Feature","id":49510,"properties":{"OBJECTID":49510,"PRIMENAME":"18th Avenue","ELEVTYP_F":0,"ELEVTYP_T":0},"geometry":{"type":"LineString","coordinates":[[-74.0359332001308,40.1691792816902],[-74.0357850644392,40.1691822293242],[-74.0350924121054,40.1691965810683]]}},{"type":"Feature","id":50068,"properties":{"OBJECTID":50068,"PRIMENAME":"10th Avenue","ELEVTYP_F":0,"ELEVTYP_T":0},"geometry":{"type":"LineString","coordinates":[[-74.0159083542977,40.1773200615896],[-74.0138994411853,40.1768946660747],[-74.0137529265027,40.1768636331624]]}},{"type":"Feature","id":50196,"properties":{"OBJECTID":50196,"PRIMENAME":"Fernwood Road","ELEVTYP_F":0,"ELEVTYP_T":0},"geometry":{"type":"LineString","coordinates":[[-74.0258418399519,40.1684635533773],[-74.0257937045134,40.1684494911949],[-74.0257194319228,40.1684110549458],[-74.025664068125,40.1683345640835],[-74.0254980729473,40.1680812642728],[-74.0254487483513,40.1680060337849]]}},{"type":"Feature","id":50375,"properties":{"OBJECTID":50375,"PRIMENAME":"4th Avenue","ELEVTYP_F":0,"ELEVTYP_T":0},"geometry":{"type":"LineString","coordinates":[[-74.0156619744562,40.1837633825497],[-74.0176002490388,40.1841759345304]]}},{"type":"Feature","id":50892,"properties":{"OBJECTID":50892,"PRIMENAME":"Hilltop Drive","ELEVTYP_F":0,"ELEVTYP_T":0},"geometry":{"type":"LineString","coordinates":[[-74.0371989699394,40.1737620911474],[-74.0372897217725,40.173773434937],[-74.0374076856309,40.1737882090837],[-74.037519454507,40.1737981820689],[-74.0376437065832,40.1737986783256],[-74.0378177599936,40.1737802662778],[-74.0382665288301,40.1737394502766]]}},{"type":"Feature","id":51837,"properties":{"OBJECTID":51837,"PRIMENAME":"19th Avenue","ELEVTYP_F":0,"ELEVTYP_T":0},"geometry":{"type":"LineString","coordinates":[[-74.0164000554538,40.1695473174795],[-74.0165454507085,40.1695778749297],[-74.0176646956358,40.1698132012798]]}},{"type":"Feature","id":52013,"properties":{"OBJECTID":52013,"PRIMENAME":"River Avenue","ELEVTYP_F":0,"ELEVTYP_T":0},"geometry":{"type":"LineString","coordinates":[[-74.0171577136756,40.1854112716675],[-74.0181729816549,40.1854247803004],[-74.0181944091574,40.1854248694771],[-74.0183631846509,40.1854255717454]]}},{"type":"Feature","id":52210,"properties":{"OBJECTID":52210,"PRIMENAME":"Xanadu Lane","ELEVTYP_F":0,"ELEVTYP_T":0},"geometry":{"type":"LineString","coordinates":[[-74.0487027023359,40.1683691202213],[-74.0485146778629,40.168395540867],[-74.0484271106069,40.1684113026168],[-74.0483498800734,40.1684512608365],[-74.0482793939958,40.1685288180471]]}},{"type":"Feature","id":52375,"properties":{"OBJECTID":52375,"PRIMENAME":"A Street","ELEVTYP_F":0,"ELEVTYP_T":0},"geometry":{"type":"LineString","coordinates":[[-74.0168757736394,40.1746418091055],[-74.016736726825,40.1750215587685],[-74.016620832991,40.1753458682377]]}},{"type":"Feature","id":52385,"properties":{"OBJECTID":52385,"PRIMENAME":"L Street","ELEVTYP_F":0,"ELEVTYP_T":0},"geometry":{"type":"LineString","coordinates":[[-74.038999687197,40.1720082924083],[-74.0389862577028,40.1718880506117],[-74.0389553515445,40.1714312241416]]}},{"type":"Feature","id":52631,"properties":{"OBJECTID":52631,"PRIMENAME":"South Riverside Drive","ELEVTYP_F":0,"ELEVTYP_T":0},"geometry":{"type":"LineString","coordinates":[[-74.0440895810718,40.1862747246147],[-74.0431650396992,40.185817369784],[-74.0422857505065,40.1853869797912],[-74.0422838484637,40.185386049078],[-74.0421244927458,40.1853080472366],[-74.041845772337,40.1851687474869],[-74.0417404694027,40.185120646205],[-74.041659844878,40.1850964978464],[-74.0415729012534,40.1850913764176],[-74.0414735048986,40.1850909827916],[-74.0413614236857,40.1851191452118],[-74.0412368296784,40.1851663360672],[-74.0411679838851,40.1852375228987],[-74.0408862145554,40.1855509859609],[-74.0406795806558,40.185783678369],[-74.0405796013659,40.1858643227097],[-74.0404548126115,40.1859400903987],[-74.0403487682592,40.1860016305369],[-74.0401799403259,40.1861534869255],[-74.0401042166737,40.1862357907584]]}},{"type":"Feature","id":53040,"properties":{"OBJECTID":53040,"PRIMENAME":"Sea Spray Lane","ELEVTYP_F":0,"ELEVTYP_T":0},"geometry":{"type":"LineString","coordinates":[[-74.0274056183733,40.1869258996872],[-74.0277064573635,40.1861177124782]]}},{"type":"Feature","id":53176,"properties":{"OBJECTID":53176,"PRIMENAME":"B Street","ELEVTYP_F":0,"ELEVTYP_T":0},"geometry":{"type":"LineString","coordinates":[[-74.0201385064671,40.1713551503556],[-74.0198320384761,40.1722224566939],[-74.0197975407073,40.1723187546062]]}},{"type":"Feature","id":53178,"properties":{"OBJECTID":53178,"PRIMENAME":"C Street","ELEVTYP_F":0,"ELEVTYP_T":0},"geometry":{"type":"LineString","coordinates":[[-74.0207510271882,40.1754660676785],[-74.0207821657743,40.1753791442924],[-74.020994443637,40.1747865501207]]}},{"type":"Feature","id":53207,"properties":{"OBJECTID":53207,"PRIMENAME":"E Street","ELEVTYP_F":0,"ELEVTYP_T":0},"geometry":{"type":"LineString","coordinates":[[-74.0247120767587,40.1760099823953],[-74.0245396214806,40.1764955995724],[-74.0244491562932,40.1767454091705],[-74.0243612442413,40.1769881642622]]}},{"type":"Feature","id":53208,"properties":{"OBJECTID":53208,"PRIMENAME":"Sea Spray Lane","ELEVTYP_F":0,"ELEVTYP_T":0},"geometry":{"type":"LineString","coordinates":[[-74.028017178168,40.1854269533636],[-74.0281000421915,40.1853441920822],[-74.0288978008834,40.1846477823629],[-74.0289967203154,40.1845513045103],[-74.0290276744284,40.1845213973904]]}},{"type":"Feature","id":53300,"properties":{"OBJECTID":53300,"PRIMENAME":"17th Avenue","ELEVTYP_F":0,"ELEVTYP_T":0},"geometry":{"type":"LineString","coordinates":[[-74.0197975407073,40.1723187546062],[-74.0188530988498,40.1721193433214],[-74.0187460771006,40.1720968265111]]}},{"type":"Feature","id":53569,"properties":{"OBJECTID":53569,"PRIMENAME":"6th Avenue","ELEVTYP_F":0,"ELEVTYP_T":0},"geometry":{"type":"LineString","coordinates":[[-74.0241638999483,40.1833977194644],[-74.024402365083,40.183447060241],[-74.0254682772675,40.1836676072363],[-74.02576657594,40.1837293351536]]}},{"type":"Feature","id":53675,"properties":{"OBJECTID":53675,"PRIMENAME":"South N Street","ELEVTYP_F":0,"ELEVTYP_T":0},"geometry":{"type":"LineString","coordinates":[[-74.0433247522452,40.1690327546852],[-74.0433238817486,40.1689597818477],[-74.0433159326179,40.1682877340877],[-74.0432653769864,40.1674963745477]]}},{"type":"Feature","id":55229,"properties":{"OBJECTID":55229,"PRIMENAME":"13th Avenue","ELEVTYP_F":0,"ELEVTYP_T":0},"geometry":{"type":"LineString","coordinates":[[-74.0315245364037,40.1774308630108],[-74.0310517157934,40.1773323980333],[-74.0302017324612,40.1771478466066],[-74.0299511737013,40.1770953829326]]}},{"type":"Feature","id":55309,"properties":{"OBJECTID":55309,"PRIMENAME":"16th Avenue","ELEVTYP_F":0,"ELEVTYP_T":0},"geometry":{"type":"LineString","coordinates":[[-74.036811924383,40.1758255915268],[-74.0362260774794,40.1757232359242],[-74.0361642382305,40.1757122548213]]}},{"type":"Feature","id":56802,"properties":{"OBJECTID":56802,"PRIMENAME":"State Highway 138","ELEVTYP_F":0,"ELEVTYP_T":0},"geometry":{"type":"LineString","coordinates":[[-74.043127307626,40.1746178107861],[-74.0432017049537,40.1745546614774],[-74.043257678721,40.1745084766681]]}},{"type":"Feature","id":57067,"properties":{"OBJECTID":57067,"PRIMENAME":"State Highway 35","ELEVTYP_F":0,"ELEVTYP_T":0},"geometry":{"type":"LineString","coordinates":[[-74.0414082289537,40.1765995796422],[-74.0415205088768,40.1764600707152],[-74.0416170222941,40.1763242730941]]}},{"type":"Feature","id":57773,"properties":{"OBJECTID":57773,"PRIMENAME":"7th Avenue","ELEVTYP_F":0,"ELEVTYP_T":0},"geometry":{"type":"LineString","coordinates":[[-74.0266522657296,40.1828498069721],[-74.0266081402218,40.1828334576105],[-74.0264344886067,40.1827850890354],[-74.0264094343298,40.1827799625764]]}},{"type":"Feature","id":58308,"properties":{"OBJECTID":58308,"PRIMENAME":"16th Avenue","ELEVTYP_F":0,"ELEVTYP_T":0},"geometry":{"type":"LineString","coordinates":[[-74.0396548484866,40.1763126032961],[-74.0395215136565,40.1762892598007],[-74.0385845452921,40.1761269083957]]}},{"type":"Feature","id":58337,"properties":{"OBJECTID":58337,"PRIMENAME":"6th Avenue","ELEVTYP_F":0,"ELEVTYP_T":0},"geometry":{"type":"LineString","coordinates":[[-74.0183206265514,40.1821664621861],[-74.0184071494184,40.1821848032364],[-74.0202548469511,40.1825762905173]]}},{"type":"Feature","id":59337,"properties":{"OBJECTID":59337,"PRIMENAME":"9th Avenue","ELEVTYP_F":0,"ELEVTYP_T":0},"geometry":{"type":"LineString","coordinates":[[-74.0155476300875,40.1783216195606],[-74.0135443262083,40.1778988209198],[-74.0133927332132,40.1778668331148]]}},{"type":"Feature","id":59806,"properties":{"OBJECTID":59806,"PRIMENAME":"18th Avenue","ELEVTYP_F":0,"ELEVTYP_T":0},"geometry":{"type":"LineString","coordinates":[[-74.0431514254407,40.1690355295208],[-74.0424522131868,40.1690467146171],[-74.0423955218644,40.1690478929291],[-74.0420838240518,40.1690543731116]]}},{"type":"Feature","id":60198,"properties":{"OBJECTID":60198,"PRIMENAME":"8th Avenue","ELEVTYP_F":0,"ELEVTYP_T":0},"geometry":{"type":"LineString","coordinates":[[-74.0262575410806,40.1816771715819],[-74.0262543519636,40.1816778169267],[-74.025990089588,40.1816227090846],[-74.0252993577127,40.1814741666287],[-74.0248897798519,40.1813860864389]]}},{"type":"Feature","id":60702,"properties":{"OBJECTID":60702,"PRIMENAME":"3rd Avenue","ELEVTYP_F":0,"ELEVTYP_T":0},"geometry":{"type":"LineString","coordinates":[[-74.0172382685324,40.1851864683699],[-74.0152979254186,40.1847740656178]]}},{"type":"Feature","id":60832,"properties":{"OBJECTID":60832,"PRIMENAME":"15th Avenue","ELEVTYP_F":0,"ELEVTYP_T":0},"geometry":{"type":"LineString","coordinates":[[-74.015213004,40.1728079090156],[-74.0153388173601,40.1728352291059],[-74.0157261260873,40.1729194004679]]}},{"type":"Feature","id":61388,"properties":{"OBJECTID":61388,"PRIMENAME":"Main Street","ELEVTYP_F":0,"ELEVTYP_T":0},"geometry":{"type":"LineString","coordinates":[[-74.0248897798519,40.1813860864389],[-74.0247922560852,40.1816464041342],[-74.0245640609711,40.1822853069503],[-74.0245248949615,40.1823943252036]]}},{"type":"Feature","id":61523,"properties":{"OBJECTID":61523,"PRIMENAME":"Jefferson Avenue","ELEVTYP_F":0,"ELEVTYP_T":0},"geometry":{"type":"LineString","coordinates":[[-74.020892083475,40.1885000554225],[-74.0210029331136,40.1884758338085],[-74.0214115811583,40.1885112235416]]}},{"type":"Feature","id":61634,"properties":{"OBJECTID":61634,"PRIMENAME":"Inlet Terrace","ELEVTYP_F":0,"ELEVTYP_T":0},"geometry":{"type":"LineString","coordinates":[[-74.0135823636755,40.1865708508267],[-74.0137772488808,40.186612205288],[-74.0139386162193,40.1866414883537],[-74.0140007543473,40.1866417492228],[-74.0140754821483,40.1866182337288],[-74.0141504830915,40.1865613646146]]}},{"type":"Feature","id":61679,"properties":{"OBJECTID":61679,"PRIMENAME":"18th Avenue","ELEVTYP_F":0,"ELEVTYP_T":0},"geometry":{"type":"LineString","coordinates":[[-74.0398172405879,40.1691041902122],[-74.0394925935735,40.1691099823753]]}},{"type":"Feature","id":62943,"properties":{"OBJECTID":62943,"PRIMENAME":"Riverview Terrace","ELEVTYP_F":0,"ELEVTYP_T":0},"geometry":{"type":"LineString","coordinates":[[-74.0404035319285,40.1764436721024],[-74.0405936934577,40.1759712674705]]}},{"type":"Feature","id":63168,"properties":{"OBJECTID":63168,"PRIMENAME":"H Street","ELEVTYP_F":0,"ELEVTYP_T":0},"geometry":{"type":"LineString","coordinates":[[-74.0333137989208,40.1694853931737],[-74.0332367954506,40.1698917950008],[-74.0330932944782,40.1706124824593],[-74.0328408575614,40.1718810153691]]}},{"type":"Feature","id":63778,"properties":{"OBJECTID":63778,"PRIMENAME":"D Street","ELEVTYP_F":0,"ELEVTYP_T":0},"geometry":{"type":"LineString","coordinates":[[-74.0209846031452,40.1805630776181],[-74.0211254267228,40.1801680676758]]}},{"type":"Feature","id":64221,"properties":{"OBJECTID":64221,"PRIMENAME":"15th Avenue","ELEVTYP_F":0,"ELEVTYP_T":0},"geometry":{"type":"LineString","coordinates":[[-74.0157261260873,40.1729194004679],[-74.0172618550025,40.1732531326812],[-74.0173688418674,40.1732757876189]]}},{"type":"Feature","id":64436,"properties":{"OBJECTID":64436,"PRIMENAME":"State Highway 35","ELEVTYP_F":0,"ELEVTYP_T":0},"geometry":{"type":"LineString","coordinates":[[-74.0437684435305,40.1735718100091],[-74.0438429557932,40.1734165285478],[-74.0439374839313,40.1732167432046],[-74.0440272517049,40.1730276453921],[-74.0440933400113,40.1729063455955],[-74.0441647367418,40.1727881352691]]}},{"type":"Feature","id":64494,"properties":{"OBJECTID":64494,"PRIMENAME":"H Street","ELEVTYP_F":0,"ELEVTYP_T":0},"geometry":{"type":"LineString","coordinates":[[-74.0322533519792,40.1748726934343],[-74.0321592792295,40.1753600645636]]}},{"type":"Feature","id":65034,"properties":{"OBJECTID":65034,"PRIMENAME":"18th Avenue","ELEVTYP_F":0,"ELEVTYP_T":0},"geometry":{"type":"LineString","coordinates":[[-74.0261168556227,40.1710462506738],[-74.0252978618575,40.1712242751846]]}},{"type":"Feature","id":65627,"properties":{"OBJECTID":65627,"PRIMENAME":"5th Avenue","ELEVTYP_F":0,"ELEVTYP_T":0},"geometry":{"type":"LineString","coordinates":[[-74.0360214517488,40.167717447201],[-74.0367276086243,40.16780400554],[-74.0368182474824,40.1678150745386]]}},{"type":"Feature","id":65739,"properties":{"OBJECTID":65739,"PRIMENAME":"South M Street","ELEVTYP_F":0,"ELEVTYP_T":0},"geometry":{"type":"LineString","coordinates":[[-74.0420838240518,40.1690543731116],[-74.0420811228576,40.1689930054799],[-74.0420488006055,40.1682541236467],[-74.0420016827661,40.1669480372197]]}},{"type":"Feature","id":65901,"properties":{"OBJECTID":65901,"PRIMENAME":"Ocean Avenue","ELEVTYP_F":0,"ELEVTYP_T":0},"geometry":{"type":"LineString","coordinates":[[-74.0157046282966,40.1714565196874],[-74.0154561722768,40.1721394648559]]}},{"type":"Feature","id":65904,"properties":{"OBJECTID":65904,"PRIMENAME":"5th Avenue","ELEVTYP_F":0,"ELEVTYP_T":0},"geometry":{"type":"LineString","coordinates":[[-74.0218098188309,40.1839873119945],[-74.0214990253617,40.1839212755588],[-74.0213836934816,40.1838967687828]]}},{"type":"Feature","id":68770,"properties":{"OBJECTID":68770,"PRIMENAME":"L Street","ELEVTYP_F":0,"ELEVTYP_T":0},"geometry":{"type":"LineString","coordinates":[[-74.0389553515445,40.1714312241416],[-74.0389523553813,40.171387479768],[-74.0389078419891,40.1706199162973],[-74.0388793935763,40.170233790161],[-74.0388241451653,40.1692231445925],[-74.0388185309872,40.1691219868089]]}},{"type":"Feature","id":68991,"properties":{"OBJECTID":68991,"PRIMENAME":"South Riverside Drive","ELEVTYP_F":0,"ELEVTYP_T":0},"geometry":{"type":"LineString","coordinates":[[-74.0494905037891,40.1903943021259],[-74.0494175344358,40.1903696404557],[-74.049287628204,40.1902833724311],[-74.0491578076234,40.1901732213742],[-74.0490217668732,40.1900725994078],[-74.0488856329489,40.1899862787483],[-74.0487244316048,40.1899284674808],[-74.0485136737257,40.1898513539964],[-74.0483774409305,40.1897746146421],[-74.0482167782174,40.1896357637589],[-74.0480686276026,40.189477908598],[-74.047883476318,40.1892913041855],[-74.0477911573112,40.1891622451355],[-74.0477235755594,40.1890380598381],[-74.0476869739715,40.1889330754618],[-74.0476857475331,40.1889129756894]]}},{"type":"Feature","id":69488,"properties":{"OBJECTID":69488,"PRIMENAME":"Valley Road","ELEVTYP_F":0,"ELEVTYP_T":0},"geometry":{"type":"LineString","coordinates":[[-74.0400950792046,40.1887440497314],[-74.0401128471325,40.1886467725716],[-74.0401383995865,40.1885467819701],[-74.0401266232541,40.1884514193698],[-74.0401023572931,40.1883607573167],[-74.0400657387259,40.1882652960185],[-74.0400042397892,40.1881649586665],[-74.0399178718183,40.188074076821],[-74.0398189180009,40.1880021698596],[-74.0398175985916,40.1880015602615]]}},{"type":"Feature","id":69517,"properties":{"OBJECTID":69517,"PRIMENAME":"Bayview Avenue","ELEVTYP_F":0,"ELEVTYP_T":0},"geometry":{"type":"LineString","coordinates":[[-74.0295832189562,40.1780909157274],[-74.0296243595524,40.1779795700321],[-74.0297158269617,40.1777320986435],[-74.029909306044,40.1772086208359],[-74.0299511737013,40.1770953829326]]}},{"type":"Feature","id":69570,"properties":{"OBJECTID":69570,"PRIMENAME":"16th Avenue","ELEVTYP_F":0,"ELEVTYP_T":0},"geometry":{"type":"LineString","coordinates":[[-74.0294476505089,40.1751162765393],[-74.0291943390676,40.1750594353508]]}},{"type":"Feature","id":69720,"properties":{"OBJECTID":69720,"PRIMENAME":"Sheldon Avenue","ELEVTYP_F":0,"ELEVTYP_T":0},"geometry":{"type":"LineString","coordinates":[[-74.0435938265189,40.1868626466262],[-74.0435181929644,40.1868253144273],[-74.0422801905911,40.1862141974676],[-74.0416105210639,40.1858836179731]]}},{"type":"Feature","id":70750,"properties":{"OBJECTID":70750,"PRIMENAME":"E Street","ELEVTYP_F":0,"ELEVTYP_T":0},"geometry":{"type":"LineString","coordinates":[[-74.022192951203,40.1829868708479],[-74.0221257688332,40.1831295948354],[-74.0218470365957,40.1838862477286],[-74.0218098188309,40.1839873119945]]}},{"type":"Feature","id":71065,"properties":{"OBJECTID":71065,"PRIMENAME":"Vernon Avenue","ELEVTYP_F":0,"ELEVTYP_T":0},"geometry":{"type":"LineString","coordinates":[[-74.0426278063693,40.1880290312921],[-74.0427090999437,40.187932609022],[-74.0431138997198,40.1874430515186]]}},{"type":"Feature","id":71138,"properties":{"OBJECTID":71138,"PRIMENAME":"West Maplewood Road","ELEVTYP_F":0,"ELEVTYP_T":0},"geometry":{"type":"LineString","coordinates":[[-74.0371574420142,40.1732479009468],[-74.0371747082634,40.1733297236224],[-74.0372168288668,40.1735300776073],[-74.0372287619619,40.1736015842033],[-74.037215825459,40.173677796511],[-74.0371989699394,40.1737620911474]]}},{"type":"Feature","id":71190,"properties":{"OBJECTID":71190,"PRIMENAME":"D Street","ELEVTYP_F":0,"ELEVTYP_T":0},"geometry":{"type":"LineString","coordinates":[[-74.0206267364032,40.1815633171659],[-74.0206647935523,40.1814601707475],[-74.0209846031452,40.1805630776181]]}},{"type":"Feature","id":71808,"properties":{"OBJECTID":71808,"PRIMENAME":"Main Street","ELEVTYP_F":0,"ELEVTYP_T":0},"geometry":{"type":"LineString","coordinates":[[-74.0275235506439,40.1675522231039],[-74.0275201425464,40.1676558349947],[-74.0275086905866,40.168058547486]]}},{"type":"Feature","id":72656,"properties":{"OBJECTID":72656,"PRIMENAME":"4th Avenue","ELEVTYP_F":0,"ELEVTYP_T":0},"geometry":{"type":"LineString","coordinates":[[-74.0381412766977,40.1672291647152],[-74.0380486035408,40.1672278348842],[-74.0375889275202,40.1672212227706],[-74.0374087584471,40.1672205030829],[-74.0371977272923,40.1671958304935],[-74.0369524640205,40.1671690994739]]}},{"type":"Feature","id":73134,"properties":{"OBJECTID":73134,"PRIMENAME":"16th Avenue","ELEVTYP_F":0,"ELEVTYP_T":0},"geometry":{"type":"LineString","coordinates":[[-74.0355974915256,40.1756222433909],[-74.0353322280185,40.1755957304308],[-74.0346163192158,40.1755420405373]]}},{"type":"Feature","id":73563,"properties":{"OBJECTID":73563,"PRIMENAME":"A Street","ELEVTYP_F":0,"ELEVTYP_T":0},"geometry":{"type":"LineString","coordinates":[[-74.0159083542977,40.1773200615896],[-74.0158114011133,40.1775818567534],[-74.0157783159449,40.1776746457318],[-74.0155476300875,40.1783216195606]]}},{"type":"Feature","id":73654,"properties":{"OBJECTID":73654,"PRIMENAME":"D Street","ELEVTYP_F":0,"ELEVTYP_T":0},"geometry":{"type":"LineString","coordinates":[[-74.0217100316634,40.1785482499742],[-74.0217929187267,40.1783192520798],[-74.0220183610654,40.1777005757574],[-74.0220729284043,40.1775508274744]]}},{"type":"Feature","id":73734,"properties":{"OBJECTID":73734,"PRIMENAME":"Rosewood Drive","ELEVTYP_F":0,"ELEVTYP_T":0},"geometry":{"type":"LineString","coordinates":[[-74.0392951626982,40.1736356313841],[-74.0393033090761,40.1736956750818],[-74.0394394399183,40.1746970879423],[-74.0395339610701,40.1754219133682],[-74.0395753812971,40.1757271052503],[-74.0395850460328,40.1757983161447]]}},{"type":"Feature","id":73884,"properties":{"OBJECTID":73884,"PRIMENAME":"Benton Place","ELEVTYP_F":0,"ELEVTYP_T":0},"geometry":{"type":"LineString","coordinates":[[-74.0432925117929,40.1897332527646],[-74.0433567312049,40.1896691302946],[-74.0434756188143,40.1895504271685],[-74.0435444942463,40.1894696856697],[-74.0439394047773,40.1889660034552]]}},{"type":"Feature","id":75275,"properties":{"OBJECTID":75275,"PRIMENAME":"Poole Avenue","ELEVTYP_F":0,"ELEVTYP_T":0},"geometry":{"type":"LineString","coordinates":[[-74.0232492666859,40.187679893293],[-74.0229714073883,40.1877693422656],[-74.0222114791382,40.1880140509918],[-74.021962288091,40.1881035609032],[-74.0218004115368,40.1881458005488],[-74.0214706695173,40.1882063991136],[-74.0214392619438,40.1882491504467],[-74.0214196082251,40.188392069444],[-74.0214115811583,40.1885112235416]]}},{"type":"Feature","id":75484,"properties":{"OBJECTID":75484,"PRIMENAME":"18th Avenue","ELEVTYP_F":0,"ELEVTYP_T":0},"geometry":{"type":"LineString","coordinates":[[-74.0350924121054,40.1691965810683],[-74.0350145681224,40.1691981896195],[-74.0346789911899,40.1692111721496],[-74.0344613021708,40.1692436248853],[-74.0343853638897,40.1692596263158]]}},{"type":"Feature","id":75511,"properties":{"OBJECTID":75511,"PRIMENAME":"Ocean Avenue","ELEVTYP_F":0,"ELEVTYP_T":0},"geometry":{"type":"LineString","coordinates":[[-74.015213004,40.1728079090156],[-74.0150400606485,40.1732833244016],[-74.0149634178193,40.173502570538]]}},{"type":"Feature","id":75538,"properties":{"OBJECTID":75538,"PRIMENAME":"17th Avenue","ELEVTYP_F":0,"ELEVTYP_T":0},"geometry":{"type":"LineString","coordinates":[[-74.0432121648613,40.1714732706117],[-74.0442145424173,40.1713509385751]]}},{"type":"Feature","id":75576,"properties":{"OBJECTID":75576,"PRIMENAME":"A Street","ELEVTYP_F":0,"ELEVTYP_T":0},"geometry":{"type":"LineString","coordinates":[[-74.017858381767,40.1719099408293],[-74.0177064754264,40.1723232128714],[-74.0176125553557,40.1725882891856]]}},{"type":"Feature","id":76138,"properties":{"OBJECTID":76138,"PRIMENAME":"World Street","ELEVTYP_F":0,"ELEVTYP_T":0},"geometry":{"type":"LineString","coordinates":[[-74.0350995592496,40.1693560046787],[-74.0350960353497,40.1692844991572],[-74.0350924121054,40.1691965810683]]}},{"type":"Feature","id":76217,"properties":{"OBJECTID":76217,"PRIMENAME":"B Street","ELEVTYP_F":0,"ELEVTYP_T":0},"geometry":{"type":"LineString","coordinates":[[-74.0185604238304,40.175762144046],[-74.0184820658446,40.1759820436958],[-74.0182142605389,40.1767256113321]]}},{"type":"Feature","id":76234,"properties":{"OBJECTID":76234,"PRIMENAME":"13th Avenue","ELEVTYP_F":0,"ELEVTYP_T":0},"geometry":{"type":"LineString","coordinates":[[-74.0266840632234,40.1764094548194],[-74.0261502619275,40.1762972679982],[-74.024834877065,40.176034507513],[-74.0247120767587,40.1760099823953]]}},{"type":"Feature","id":76638,"properties":{"OBJECTID":76638,"PRIMENAME":"16th Avenue","ELEVTYP_F":0,"ELEVTYP_T":0},"geometry":{"type":"LineString","coordinates":[[-74.0257901618833,40.1743294451794],[-74.0253519506898,40.174237406115]]}},{"type":"Feature","id":76641,"properties":{"OBJECTID":76641,"PRIMENAME":"D Street","ELEVTYP_F":0,"ELEVTYP_T":0},"geometry":{"type":"LineString","coordinates":[[-74.0229243594678,40.1752010384875],[-74.0231673941657,40.1745164628179]]}},{"type":"Feature","id":76661,"properties":{"OBJECTID":76661,"PRIMENAME":"West Maplewood Road","ELEVTYP_F":0,"ELEVTYP_T":0},"geometry":{"type":"LineString","coordinates":[[-74.0371323586164,40.1741006743516],[-74.037080651657,40.1743683508722],[-74.0369129207532,40.1752780393877],[-74.0369018270452,40.1753381810085]]}},{"type":"Feature","id":76703,"properties":{"OBJECTID":76703,"PRIMENAME":"Ocean Avenue","ELEVTYP_F":0,"ELEVTYP_T":0},"geometry":{"type":"LineString","coordinates":[[-74.0160528945594,40.1705004254761],[-74.0157308350012,40.1713845390405],[-74.0157046282966,40.1714565196874]]}},{"type":"Feature","id":76838,"properties":{"OBJECTID":76838,"PRIMENAME":"South Riverside Drive","ELEVTYP_F":0,"ELEVTYP_T":0},"geometry":{"type":"LineString","coordinates":[[-74.0476831798646,40.1881064886632],[-74.0477049785005,40.1881079464592],[-74.0477466623856,40.1881107329732],[-74.0477875395459,40.1881175756679],[-74.0478269413362,40.1881283620503],[-74.0478450316388,40.1881354246539],[-74.0478642277013,40.1881429184936],[-74.0487020100075,40.1885845725354]]}},{"type":"Feature","id":76948,"properties":{"OBJECTID":76948,"PRIMENAME":"Twenty First Avenue","ELEVTYP_F":0,"ELEVTYP_T":0},"geometry":{"type":"LineString","coordinates":[[-74.0275086905866,40.168058547486],[-74.0276478008662,40.1680614757654],[-74.0279273105177,40.1680673379794],[-74.0280080750362,40.1680676672447],[-74.0281138038595,40.1680490731635],[-74.0289538214193,40.1678618614199],[-74.0301048631998,40.1676139188215],[-74.030203058197,40.16759276675]]}},{"type":"Feature","id":77178,"properties":{"OBJECTID":77178,"PRIMENAME":"18th Avenue","ELEVTYP_F":0,"ELEVTYP_T":0},"geometry":{"type":"LineString","coordinates":[[-74.0182069977506,40.1709510963547],[-74.0173203467718,40.1707656114388]]}},{"type":"Feature","id":77402,"properties":{"OBJECTID":77402,"PRIMENAME":"Cottage Place","ELEVTYP_F":0,"ELEVTYP_T":0},"geometry":{"type":"LineString","coordinates":[[-74.0381306935726,40.1669584936448],[-74.0381365616774,40.1670852390027],[-74.0381412766977,40.1672291647152]]}},{"type":"Feature","id":77506,"properties":{"OBJECTID":77506,"PRIMENAME":"16th Avenue","ELEVTYP_F":0,"ELEVTYP_T":0},"geometry":{"type":"LineString","coordinates":[[-74.0346163192158,40.1755420405373],[-74.0339225168713,40.1754899996891],[-74.0332083754459,40.1754347149076],[-74.0327674207949,40.1754090799926],[-74.0323389391299,40.1753744527782]]}},{"type":"Feature","id":77966,"properties":{"OBJECTID":77966,"PRIMENAME":"18th Avenue","ELEVTYP_F":0,"ELEVTYP_T":0},"geometry":{"type":"LineString","coordinates":[[-74.0486655518618,40.1681727480467],[-74.048272764139,40.1682259739502],[-74.0480729761163,40.1682645909154],[-74.047644470238,40.1683474156887],[-74.047097432252,40.1684488840871]]}},{"type":"Feature","id":77967,"properties":{"OBJECTID":77967,"PRIMENAME":"Marconi Road","ELEVTYP_F":0,"ELEVTYP_T":0},"geometry":{"type":"LineString","coordinates":[[-74.0496546126909,40.1794307810897],[-74.0496064753882,40.1793385445999],[-74.0493487799694,40.1788466329614],[-74.0492199268674,40.178593539023],[-74.0491524560529,40.1784645775843],[-74.0491290887453,40.1784099928909]]}},{"type":"Feature","id":78288,"properties":{"OBJECTID":78288,"PRIMENAME":"Ocean Avenue","ELEVTYP_F":0,"ELEVTYP_T":0},"geometry":{"type":"LineString","coordinates":[[-74.0137529265027,40.1768636331624],[-74.0134655046878,40.1776649495918],[-74.0134172287787,40.1777995393148],[-74.0133927332132,40.1778668331148]]}},{"type":"Feature","id":78604,"properties":{"OBJECTID":78604,"PRIMENAME":"Petersons Lane","ELEVTYP_F":0,"ELEVTYP_T":0},"geometry":{"type":"LineString","coordinates":[[-74.0325353184361,40.1696526521105],[-74.0325519167564,40.169731810413],[-74.0326222588746,40.1700662371219],[-74.0326542539315,40.170218356673]]}},{"type":"Feature","id":78924,"properties":{"OBJECTID":78924,"PRIMENAME":"Snyder Avenue","ELEVTYP_F":0,"ELEVTYP_T":0},"geometry":{"type":"LineString","coordinates":[[-74.0187460771006,40.1720968265111],[-74.018770973693,40.1720273922545],[-74.0190905082788,40.171135902142]]}},{"type":"Feature","id":78956,"properties":{"OBJECTID":78956,"PRIMENAME":"A Street","ELEVTYP_F":0,"ELEVTYP_T":0},"geometry":{"type":"LineString","coordinates":[[-74.0151909075597,40.1793226705815],[-74.0148666784463,40.1802373807177],[-74.0148318917879,40.1803326057845]]}},{"type":"Feature","id":79389,"properties":{"OBJECTID":79389,"PRIMENAME":"Schooner Circle","ELEVTYP_F":0,"ELEVTYP_T":0},"geometry":{"type":"LineString","coordinates":[[-74.029086517943,40.1844645897258],[-74.0291450329809,40.1845069127227],[-74.02938322881,40.1846792411916],[-74.0294190023589,40.1846977522946],[-74.0294708226761,40.1847040848139],[-74.0295034755051,40.1847080607044]]}},{"type":"Feature","id":79672,"properties":{"OBJECTID":79672,"PRIMENAME":"River Court","ELEVTYP_F":0,"ELEVTYP_T":0},"geometry":{"type":"LineString","coordinates":[[-74.0401518730258,40.176399627645],[-74.0401291572524,40.1764775577257],[-74.0400528768301,40.176739400555],[-74.0394475547712,40.177123034559]]}},{"type":"Feature","id":79701,"properties":{"OBJECTID":79701,"PRIMENAME":"Curtis Avenue","ELEVTYP_F":0,"ELEVTYP_T":0},"geometry":{"type":"LineString","coordinates":[[-74.0381186774575,40.1730760416005],[-74.0380772755208,40.173080708567],[-74.0378097748478,40.1731320758042],[-74.0374924031871,40.1732070715542],[-74.0371574420142,40.1732479009468]]}},{"type":"Feature","id":79708,"properties":{"OBJECTID":79708,"PRIMENAME":"M Street","ELEVTYP_F":0,"ELEVTYP_T":0},"geometry":{"type":"LineString","coordinates":[[-74.0419421935739,40.1716296485578],[-74.0419278344087,40.1714660006114],[-74.0418861380089,40.1709397862216]]}},{"type":"Feature","id":79890,"properties":{"OBJECTID":79890,"PRIMENAME":"West Railroad Avenue","ELEVTYP_F":0,"ELEVTYP_T":0},"geometry":{"type":"LineString","coordinates":[[-74.0269956111449,40.1819083757897],[-74.0268915597085,40.1822004849711],[-74.0268287518909,40.1823768050199],[-74.026683157749,40.1827670260071],[-74.0266522657296,40.1828498069721]]}},{"type":"Feature","id":79971,"properties":{"OBJECTID":79971,"PRIMENAME":"Jefferson Avenue","ELEVTYP_F":0,"ELEVTYP_T":0},"geometry":{"type":"LineString","coordinates":[[-74.0229071864292,40.1886334234864],[-74.0229968064824,40.1886403271814]]}},{"type":"Feature","id":80043,"properties":{"OBJECTID":80043,"PRIMENAME":"Belmar Boulevard","ELEVTYP_F":0,"ELEVTYP_T":0},"geometry":{"type":"LineString","coordinates":[[-74.0511385007697,40.176996903237],[-74.0502138134472,40.1770665856422]]}},{"type":"Feature","id":80610,"properties":{"OBJECTID":80610,"PRIMENAME":"3rd Avenue","ELEVTYP_F":0,"ELEVTYP_T":0},"geometry":{"type":"LineString","coordinates":[[-74.0133635074602,40.1843622316926],[-74.0118463735093,40.1840374764314]]}},{"type":"Feature","id":81010,"properties":{"OBJECTID":81010,"PRIMENAME":"West Railroad Avenue","ELEVTYP_F":0,"ELEVTYP_T":0},"geometry":{"type":"LineString","coordinates":[[-74.0284733468012,40.1778513240892],[-74.0282855630194,40.1783983221901],[-74.0281651174675,40.1787409632511],[-74.0281609114057,40.1788314848719]]}},{"type":"Feature","id":81112,"properties":{"OBJECTID":81112,"PRIMENAME":"Valley Road","ELEVTYP_F":0,"ELEVTYP_T":0},"geometry":{"type":"LineString","coordinates":[[-74.0399964228332,40.1894281344047],[-74.040022031656,40.1892087793161],[-74.0400805860969,40.1888229733161],[-74.0400950792046,40.1887440497314]]}},{"type":"Feature","id":81599,"properties":{"OBJECTID":81599,"PRIMENAME":"Tremont Drive","ELEVTYP_F":0,"ELEVTYP_T":0},"geometry":{"type":"LineString","coordinates":[[-74.0428532694079,40.1890276608355],[-74.0428639231741,40.1890189726536],[-74.0429830066395,40.1888764695333],[-74.0433713967434,40.1884109224025],[-74.0447747217328,40.1867244866532],[-74.0448398901936,40.1866461732957]]}},{"type":"Feature","id":81808,"properties":{"OBJECTID":81808,"PRIMENAME":"20th Avenue","ELEVTYP_F":0,"ELEVTYP_T":0},"geometry":{"type":"LineString","coordinates":[[-74.0176551746083,40.1687872800039],[-74.016906331007,40.1686261681424],[-74.0167481885073,40.1685921524751]]}},{"type":"Feature","id":81825,"properties":{"OBJECTID":81825,"PRIMENAME":"Leon Lane","ELEVTYP_F":0,"ELEVTYP_T":0},"geometry":{"type":"LineString","coordinates":[[-74.0156059356398,40.1732555088562],[-74.0157261260873,40.1729194004679]]}},{"type":"Feature","id":82025,"properties":{"OBJECTID":82025,"PRIMENAME":"17th Avenue","ELEVTYP_F":0,"ELEVTYP_T":0},"geometry":{"type":"LineString","coordinates":[[-74.0200504297621,40.1723721559976],[-74.0217564501875,40.1727366494949],[-74.0219336636677,40.1727714224806],[-74.0221287334177,40.1728097004792],[-74.0225753934737,40.1729068592011],[-74.0232080296163,40.1730619662524],[-74.023338666575,40.1730907800337]]}},{"type":"Feature","id":82209,"properties":{"OBJECTID":82209,"PRIMENAME":"Newman Street","ELEVTYP_F":0,"ELEVTYP_T":0},"geometry":{"type":"LineString","coordinates":[[-74.023338666575,40.1730907800337],[-74.0232454928502,40.172423460625]]}},{"type":"Feature","id":82560,"properties":{"OBJECTID":82560,"PRIMENAME":"6th Avenue","ELEVTYP_F":0,"ELEVTYP_T":0},"geometry":{"type":"LineString","coordinates":[[-74.0359012100848,40.1685536149351],[-74.0351568429678,40.1685698187263],[-74.0350666275288,40.1685700599515]]}},{"type":"Feature","id":82703,"properties":{"OBJECTID":82703,"PRIMENAME":"17th Avenue","ELEVTYP_F":0,"ELEVTYP_T":0},"geometry":{"type":"LineString","coordinates":[[-74.0378584172475,40.1721548422317],[-74.0388299437073,40.1720304026847],[-74.038999687197,40.1720082924083]]}},{"type":"Feature","id":82742,"properties":{"OBJECTID":82742,"PRIMENAME":"Cottage Place","ELEVTYP_F":0,"ELEVTYP_T":0},"geometry":{"type":"LineString","coordinates":[[-74.0381606315882,40.1678210961341],[-74.0381622927127,40.1678716984026],[-74.0381860238364,40.1684887113007]]}},{"type":"Feature","id":82958,"properties":{"OBJECTID":82958,"PRIMENAME":"Snyder Avenue","ELEVTYP_F":0,"ELEVTYP_T":0},"geometry":{"type":"LineString","coordinates":[[-74.0190905082788,40.171135902142],[-74.0194467203725,40.1701420822634]]}},{"type":"Feature","id":83014,"properties":{"OBJECTID":83014,"PRIMENAME":"6th Avenue","ELEVTYP_F":0,"ELEVTYP_T":0},"geometry":{"type":"LineString","coordinates":[[-74.0202548469511,40.1825762905173],[-74.022192951203,40.1829868708479]]}},{"type":"Feature","id":83240,"properties":{"OBJECTID":83240,"PRIMENAME":"State Highway 35","ELEVTYP_F":0,"ELEVTYP_T":0},"geometry":{"type":"LineString","coordinates":[[-74.0429627115551,40.1747574723892],[-74.0430957286943,40.1746038229326]]}},{"type":"Feature","id":83435,"properties":{"OBJECTID":83435,"PRIMENAME":"15th Avenue","ELEVTYP_F":0,"ELEVTYP_T":0},"geometry":{"type":"LineString","coordinates":[[-74.0250895357001,40.174963799265],[-74.026908382822,40.1753900364419],[-74.0270424611572,40.1754188880254]]}},{"type":"Feature","id":83438,"properties":{"OBJECTID":83438,"PRIMENAME":"E Street","ELEVTYP_F":0,"ELEVTYP_T":0},"geometry":{"type":"LineString","coordinates":[[-74.0236422335427,40.1789586169406],[-74.0232795133254,40.1799638690502]]}},{"type":"Feature","id":83453,"properties":{"OBJECTID":83453,"PRIMENAME":"20th Avenue","ELEVTYP_F":0,"ELEVTYP_T":0},"geometry":{"type":"LineString","coordinates":[[-74.0302781819201,40.1684268389142],[-74.0301798756517,40.1684482923203],[-74.0276288066225,40.1690050861419],[-74.0274814345373,40.1690372631943]]}},{"type":"Feature","id":83465,"properties":{"OBJECTID":83465,"PRIMENAME":"Leonard Street","ELEVTYP_F":0,"ELEVTYP_T":0},"geometry":{"type":"LineString","coordinates":[[-74.0407737921513,40.1703080299733],[-74.0406495795763,40.170302787964],[-74.0400034167221,40.1703097481707],[-74.0399218194211,40.1703106317698]]}},{"type":"Feature","id":83572,"properties":{"OBJECTID":83572,"PRIMENAME":"3rd Avenue","ELEVTYP_F":0,"ELEVTYP_T":0},"geometry":{"type":"LineString","coordinates":[[-74.0165423828372,40.1885621615627],[-74.0165209062716,40.1887233287788]]}},{"type":"Feature","id":83638,"properties":{"OBJECTID":83638,"PRIMENAME":"Pascal Place","ELEVTYP_F":0,"ELEVTYP_T":0},"geometry":{"type":"LineString","coordinates":[[-74.0501948222752,40.1710098907812],[-74.0501913464602,40.1709834684758],[-74.0501759116765,40.1704972752333],[-74.0501602607511,40.1700491852308],[-74.0493441507328,40.1701267619545],[-74.0491966576277,40.1701407805769]]}},{"type":"Feature","id":83729,"properties":{"OBJECTID":83729,"PRIMENAME":"North Boulevard","ELEVTYP_F":0,"ELEVTYP_T":0},"geometry":{"type":"LineString","coordinates":[[-74.0196052494435,40.1691426098225],[-74.0194500443993,40.1691228866854],[-74.0193973086767,40.1691091603226],[-74.0193198094554,40.1690889903551],[-74.0191823344459,40.1690217882491],[-74.0191526604256,40.1690072838842],[-74.0190781540843,40.1689350426543],[-74.0190292233485,40.1688875988199],[-74.0189746601504,40.1688254387971]]}},{"type":"Feature","id":83732,"properties":{"OBJECTID":83732,"PRIMENAME":"Meadow Road","ELEVTYP_F":0,"ELEVTYP_T":0},"geometry":{"type":"LineString","coordinates":[[-74.0406789283903,40.1677751374538],[-74.0406790233803,40.1677768950555],[-74.0407204396702,40.1690066950956],[-74.0407075698018,40.1690843627222]]}},{"type":"Feature","id":83870,"properties":{"OBJECTID":83870,"PRIMENAME":"Main Street","ELEVTYP_F":0,"ELEVTYP_T":0},"geometry":{"type":"LineString","coordinates":[[-74.0235935622836,40.1853943966383],[-74.0235767769612,40.1855126466618],[-74.0235465991959,40.1857245857155],[-74.0235052615779,40.1860148817551],[-74.0234689280007,40.1862700332765],[-74.0233397988992,40.1871590270713],[-74.0233122216031,40.1873488813332],[-74.0232828649429,40.1875489725396],[-74.0232492666859,40.187679893293]]}},{"type":"Feature","id":84789,"properties":{"OBJECTID":84789,"PRIMENAME":"L Street","ELEVTYP_F":0,"ELEVTYP_T":0},"geometry":{"type":"LineString","coordinates":[[-74.0344655977431,40.1773615490751],[-74.0345882263714,40.1763695441027]]}},{"type":"Feature","id":84847,"properties":{"OBJECTID":84847,"PRIMENAME":"South Riverside Drive","ELEVTYP_F":0,"ELEVTYP_T":0},"geometry":{"type":"LineString","coordinates":[[-74.0476857475331,40.1889129756894],[-74.0476813831173,40.1888424870501],[-74.0476950073451,40.1886614350605],[-74.0477266352691,40.1883234934912],[-74.0477284504692,40.1883041045243],[-74.047722792644,40.1882182930289],[-74.0477108462898,40.1881467596999],[-74.0476831798646,40.1881064886632]]}},{"type":"Feature","id":84890,"properties":{"OBJECTID":84890,"PRIMENAME":"South Riverside Drive","ELEVTYP_F":0,"ELEVTYP_T":0},"geometry":{"type":"LineString","coordinates":[[-74.0388833931137,40.1876451041433],[-74.038814264413,40.1877732795797],[-74.0387572561293,40.1879351056777],[-74.0387065693695,40.1880778490928],[-74.0386928536077,40.1882637038448],[-74.038685337446,40.1884590818203],[-74.0386884171329,40.1884853668054]]}},{"type":"Feature","id":84892,"properties":{"OBJECTID":84892,"PRIMENAME":"B Street","ELEVTYP_F":0,"ELEVTYP_T":0},"geometry":{"type":"LineString","coordinates":[[-74.0178498583325,40.1777311414284],[-74.0175568918927,40.1785233039115],[-74.0174823799077,40.178729959031]]}},{"type":"Feature","id":85001,"properties":{"OBJECTID":85001,"PRIMENAME":"America Street","ELEVTYP_F":0,"ELEVTYP_T":0},"geometry":{"type":"LineString","coordinates":[[-74.0361580002344,40.1670821608543],[-74.0360328698657,40.1676487234143],[-74.0360214517488,40.167717447201]]}},{"type":"Feature","id":85028,"properties":{"OBJECTID":85028,"PRIMENAME":"8th Avenue","ELEVTYP_F":0,"ELEVTYP_T":0},"geometry":{"type":"LineString","coordinates":[[-74.0262575410806,40.1816771715819],[-74.0263325637339,40.1817385327106],[-74.0267412994154,40.1818427678965]]}},{"type":"Feature","id":85170,"properties":{"OBJECTID":85170,"PRIMENAME":"State Highway 138","ELEVTYP_F":0,"ELEVTYP_T":0},"geometry":{"type":"LineString","coordinates":[[-74.0454063838977,40.1738508466108],[-74.0457650560475,40.1737998033364],[-74.0460204490533,40.1737636151243],[-74.046444878473,40.1737034740173]]}},{"type":"Feature","id":85242,"properties":{"OBJECTID":85242,"PRIMENAME":"E Street","ELEVTYP_F":0,"ELEVTYP_T":0},"geometry":{"type":"LineString","coordinates":[[-74.0225550953025,40.1819766522123],[-74.0221951674725,40.1829821307285],[-74.022192951203,40.1829868708479]]}},{"type":"Feature","id":85582,"properties":{"OBJECTID":85582,"PRIMENAME":"2nd Avenue","ELEVTYP_F":0,"ELEVTYP_T":0},"geometry":{"type":"LineString","coordinates":[[-74.0109771489244,40.1849430403247],[-74.0110176058421,40.184951528949],[-74.0130011773722,40.1853675618799]]}},{"type":"Feature","id":85992,"properties":{"OBJECTID":85992,"PRIMENAME":"Bayshore Court","ELEVTYP_F":0,"ELEVTYP_T":0},"geometry":{"type":"LineString","coordinates":[[-74.0476709424334,40.1722408402098],[-74.0476124323194,40.1719981489479],[-74.0474456454197,40.1713600715899]]}},{"type":"Feature","id":86399,"properties":{"OBJECTID":86399,"PRIMENAME":"Unnamed Segment","ELEVTYP_F":0,"ELEVTYP_T":0},"geometry":{"type":"LineString","coordinates":[[-74.0442799708521,40.1689632364104],[-74.0446689076364,40.1691874891972],[-74.046119290925,40.1698445945471]]}},{"type":"Feature","id":86529,"properties":{"OBJECTID":86529,"PRIMENAME":"H Street","ELEVTYP_F":0,"ELEVTYP_T":0},"geometry":{"type":"LineString","coordinates":[[-74.032461336704,40.1738109750062],[-74.0322982129227,40.1746402665165]]}},{"type":"Feature","id":86998,"properties":{"OBJECTID":86998,"PRIMENAME":"Leroy Place","ELEVTYP_F":0,"ELEVTYP_T":0},"geometry":{"type":"LineString","coordinates":[[-74.0300941099134,40.1716406459299],[-74.0295605959747,40.1717582245633],[-74.0294827848982,40.1717753689239]]}},{"type":"Feature","id":87030,"properties":{"OBJECTID":87030,"PRIMENAME":"Spinnaker Way","ELEVTYP_F":0,"ELEVTYP_T":0},"geometry":{"type":"LineString","coordinates":[[-74.0296765500496,40.1843744176215],[-74.0296000381541,40.184481227796],[-74.0295758381625,40.1845178878636],[-74.0295515130146,40.1845728320452],[-74.0295149644483,40.1846614100358],[-74.0295034755051,40.1847080607044]]}},{"type":"Feature","id":87277,"properties":{"OBJECTID":87277,"PRIMENAME":"19th Avenue","ELEVTYP_F":0,"ELEVTYP_T":0},"geometry":{"type":"LineString","coordinates":[[-74.0207125171473,40.1700046201693],[-74.0214065174411,40.1699303037206]]}},{"type":"Feature","id":87292,"properties":{"OBJECTID":87292,"PRIMENAME":"17th Avenue","ELEVTYP_F":0,"ELEVTYP_T":0},"geometry":{"type":"LineString","coordinates":[[-74.0326546947135,40.1728098414187],[-74.0342408071249,40.1726078114429],[-74.0352847043117,40.1724786408818]]}},{"type":"Feature","id":87498,"properties":{"OBJECTID":87498,"PRIMENAME":"D Street","ELEVTYP_F":0,"ELEVTYP_T":0},"geometry":{"type":"LineString","coordinates":[[-74.0198923185767,40.1835797469267],[-74.0202548469511,40.1825762905173]]}},{"type":"Feature","id":87759,"properties":{"OBJECTID":87759,"PRIMENAME":"South Lake Drive","ELEVTYP_F":0,"ELEVTYP_T":0},"geometry":{"type":"LineString","coordinates":[[-74.0175058122043,40.1808989554996],[-74.0175339415168,40.1808943234586],[-74.0176274461648,40.1808565811394],[-74.0176710983354,40.1808281854413],[-74.0177023983655,40.1807901838936],[-74.0177533952557,40.1806140402546],[-74.0179813349484,40.1800144624497],[-74.0180138288362,40.1799289722002]]}},{"type":"Feature","id":87777,"properties":{"OBJECTID":87777,"PRIMENAME":"C Street","ELEVTYP_F":0,"ELEVTYP_T":0},"geometry":{"type":"LineString","coordinates":[[-74.0179611553609,40.1831691290959],[-74.0176419859562,40.1840594627809],[-74.0176002490388,40.1841759345304]]}},{"type":"Feature","id":88447,"properties":{"OBJECTID":88447,"PRIMENAME":"North Boulevard","ELEVTYP_F":0,"ELEVTYP_T":0},"geometry":{"type":"LineString","coordinates":[[-74.0228063631361,40.1693047511059],[-74.0226438166807,40.1693468524794],[-74.0225505005183,40.169365547683],[-74.022388969708,40.1693648814695],[-74.0217059291786,40.1693144033665],[-74.0210725593539,40.1692640996852],[-74.0208771237888,40.1692483164338],[-74.0206215637393,40.1692276760621]]}},{"type":"Feature","id":88695,"properties":{"OBJECTID":88695,"PRIMENAME":"A Street","ELEVTYP_F":0,"ELEVTYP_T":0},"geometry":{"type":"LineString","coordinates":[[-74.0173688418674,40.1732757876189],[-74.0172487990675,40.1736144805632],[-74.0171548842977,40.1738794591902],[-74.017125361219,40.1739600466833]]}},{"type":"Feature","id":88990,"properties":{"OBJECTID":88990,"PRIMENAME":"Main Street","ELEVTYP_F":0,"ELEVTYP_T":0},"geometry":{"type":"LineString","coordinates":[[-74.0245248949615,40.1823943252036],[-74.0244074328938,40.1827213340835],[-74.0242883984899,40.183052711849],[-74.0241638999483,40.1833977194644]]}},{"type":"Feature","id":89363,"properties":{"OBJECTID":89363,"PRIMENAME":"South Station Avenue","ELEVTYP_F":0,"ELEVTYP_T":0},"geometry":{"type":"LineString","coordinates":[[-74.023704893844,40.1887004264209],[-74.0237501989041,40.1887064050484],[-74.023453697284,40.1896330291689],[-74.023426141053,40.189719089644]]}},{"type":"Feature","id":89664,"properties":{"OBJECTID":89664,"PRIMENAME":"20th Avenue","ELEVTYP_F":0,"ELEVTYP_T":0},"geometry":{"type":"LineString","coordinates":[[-74.0180141249028,40.1688645173648],[-74.0176551746083,40.1687872800039]]}},{"type":"Feature","id":89708,"properties":{"OBJECTID":89708,"PRIMENAME":"8th Avenue","ELEVTYP_F":0,"ELEVTYP_T":0},"geometry":{"type":"LineString","coordinates":[[-74.0209241705382,40.1805501721566],[-74.0209846031452,40.1805630776181]]}},{"type":"Feature","id":91248,"properties":{"OBJECTID":91248,"PRIMENAME":"Howard Street","ELEVTYP_F":0,"ELEVTYP_T":0},"geometry":{"type":"LineString","coordinates":[[-74.0407075698018,40.1690843627222],[-74.0406882220002,40.1691781475153],[-74.0406876759361,40.1692591578078],[-74.0406620063804,40.1693829776704],[-74.0406552986047,40.1694544379356],[-74.0406610747999,40.1695211714277],[-74.0406730104807,40.1695927326745],[-74.0407207268528,40.1698932001542],[-74.0407686291912,40.1701555092829],[-74.0407744345324,40.1702127163987],[-74.0407737921513,40.1703080299733]]}},{"type":"Feature","id":91841,"properties":{"OBJECTID":91841,"PRIMENAME":"Burton Place","ELEVTYP_F":0,"ELEVTYP_T":0},"geometry":{"type":"LineString","coordinates":[[-74.030273029915,40.1710949772753],[-74.0301863404897,40.1711125796641],[-74.0297259485096,40.1712060257681]]}},{"type":"Feature","id":91916,"properties":{"OBJECTID":91916,"PRIMENAME":"16th Avenue","ELEVTYP_F":0,"ELEVTYP_T":0},"geometry":{"type":"LineString","coordinates":[[-74.0404035319285,40.1764436721024],[-74.0401518730258,40.176399627645]]}},{"type":"Feature","id":92219,"properties":{"OBJECTID":92219,"PRIMENAME":"West Railroad Avenue","ELEVTYP_F":0,"ELEVTYP_T":0},"geometry":{"type":"LineString","coordinates":[[-74.0288213622354,40.1768586786906],[-74.0286597033404,40.1773083818716],[-74.028515942979,40.1777272185148],[-74.0284733468012,40.1778513240892]]}},{"type":"Feature","id":92640,"properties":{"OBJECTID":92640,"PRIMENAME":"H Street","ELEVTYP_F":0,"ELEVTYP_T":0},"geometry":{"type":"LineString","coordinates":[[-74.0321592792295,40.1753600645636],[-74.0320627306757,40.1758432266079],[-74.0320318539578,40.176013912617],[-74.0320114365047,40.1761049723564],[-74.031986566987,40.1761874171266],[-74.0319759862002,40.1762224917734],[-74.0319456556467,40.1763134573836],[-74.0318954031169,40.1764496393133]]}},{"type":"Feature","id":92886,"properties":{"OBJECTID":92886,"PRIMENAME":"Sunset Terrace","ELEVTYP_F":0,"ELEVTYP_T":0},"geometry":{"type":"LineString","coordinates":[[-74.0515343483868,40.1719709917433],[-74.0514281421334,40.171931597143],[-74.0502456671972,40.1717157061189]]}},{"type":"Feature","id":93900,"properties":{"OBJECTID":93900,"PRIMENAME":"River Avenue","ELEVTYP_F":0,"ELEVTYP_T":0},"geometry":{"type":"LineString","coordinates":[[-74.0262856604256,40.1827546389544],[-74.0262443428863,40.1828748497931],[-74.0260618202575,40.183406052116]]}},{"type":"Feature","id":94552,"properties":{"OBJECTID":94552,"PRIMENAME":"Glenn Street","ELEVTYP_F":0,"ELEVTYP_T":0},"geometry":{"type":"LineString","coordinates":[[-74.0399387276952,40.171405184637],[-74.0397527273323,40.1714130108608],[-74.0389553515445,40.1714312241416]]}},{"type":"Feature","id":95686,"properties":{"OBJECTID":95686,"PRIMENAME":"Sea Spray Lane","ELEVTYP_F":0,"ELEVTYP_T":0},"geometry":{"type":"LineString","coordinates":[[-74.0277064573635,40.1861177124782],[-74.0277444999547,40.1860154968404],[-74.0278804037062,40.1856446988294],[-74.0279231683447,40.1855479929012],[-74.0279657814249,40.1854782174519],[-74.028017178168,40.1854269533636]]}},{"type":"Feature","id":96149,"properties":{"OBJECTID":96149,"PRIMENAME":"19th Avenue","ELEVTYP_F":0,"ELEVTYP_T":0},"geometry":{"type":"LineString","coordinates":[[-74.0223358192372,40.1698307542614],[-74.0225411324521,40.1698087608055]]}},{"type":"Feature","id":97367,"properties":{"OBJECTID":97367,"PRIMENAME":"FR NJ 35 SB TO NJ 71 SB","ELEVTYP_F":0,"ELEVTYP_T":0},"geometry":{"type":"LineString","coordinates":[[-74.0312585431928,40.1782532576412],[-74.0312741874813,40.1782084289607],[-74.0312886661892,40.1781633704621],[-74.03130197359,40.1781180999743],[-74.0313141044204,40.1780726354099],[-74.0313250538828,40.1780269947585],[-74.0313348176472,40.177981196079],[-74.0313433918527,40.177935257493],[-74.0313507731089,40.1778891971775]]}},{"type":"Feature","id":97379,"properties":{"OBJECTID":97379,"PRIMENAME":"Melrose Avenue","ELEVTYP_F":0,"ELEVTYP_T":0},"geometry":{"type":"LineString","coordinates":[[-74.0292674346067,40.1711877062015],[-74.029229747658,40.171084864838],[-74.0288409844503,40.1711700340942]]}},{"type":"Feature","id":98358,"properties":{"OBJECTID":98358,"PRIMENAME":"Walling Avenue","ELEVTYP_F":0,"ELEVTYP_T":0},"geometry":{"type":"LineString","coordinates":[[-74.0328408575614,40.1718810153691],[-74.0327235160753,40.1718963001205],[-74.0318430529526,40.172010926733]]}},{"type":"Feature","id":98454,"properties":{"OBJECTID":98454,"PRIMENAME":"12th Avenue","ELEVTYP_F":0,"ELEVTYP_T":0},"geometry":{"type":"LineString","coordinates":[[-74.016620832991,40.1753458682377],[-74.0174508068595,40.1755225838324],[-74.0185604238304,40.175762144046]]}},{"type":"Feature","id":99538,"properties":{"OBJECTID":99538,"PRIMENAME":"E Street","ELEVTYP_F":0,"ELEVTYP_T":0},"geometry":{"type":"LineString","coordinates":[[-74.0250895357001,40.174963799265],[-74.0248555438151,40.1756114369419]]}},{"type":"Feature","id":100214,"properties":{"OBJECTID":100214,"PRIMENAME":"East Railroad Avenue","ELEVTYP_F":0,"ELEVTYP_T":0},"geometry":{"type":"LineString","coordinates":[[-74.0289145721291,40.1758215099581],[-74.029013539328,40.1755559235956],[-74.0291782144651,40.1751037605803],[-74.0291943390676,40.1750594353508]]}},{"type":"Feature","id":100228,"properties":{"OBJECTID":100228,"PRIMENAME":"Belmar Boulevard","ELEVTYP_F":0,"ELEVTYP_T":0},"geometry":{"type":"LineString","coordinates":[[-74.0467079379104,40.1768147328004],[-74.0463857751806,40.1767645227886],[-74.0456346352006,40.1766614850841],[-74.0447032399256,40.1765672593623],[-74.0439973718832,40.1764882435131],[-74.0434676850786,40.1764289468279],[-74.043076556243,40.1763845226106],[-74.0428839438033,40.1763837622962],[-74.0427160414758,40.1764021512974],[-74.0426630336955,40.1764134174578]]}},{"type":"Feature","id":100682,"properties":{"OBJECTID":100682,"PRIMENAME":"D Street","ELEVTYP_F":0,"ELEVTYP_T":0},"geometry":{"type":"LineString","coordinates":[[-74.0211254267228,40.1801680676758],[-74.0212416408986,40.1798421079308],[-74.0213458833079,40.1795541485471]]}},{"type":"Feature","id":101088,"properties":{"OBJECTID":101088,"PRIMENAME":"C Street","ELEVTYP_F":0,"ELEVTYP_T":0},"geometry":{"type":"LineString","coordinates":[[-74.0197819918931,40.1781395964322],[-74.0198665636199,40.1779061602561],[-74.0199419858355,40.1776919848782],[-74.020136960873,40.1771383039025]]}},{"type":"Feature","id":102431,"properties":{"OBJECTID":102431,"PRIMENAME":"B Street","ELEVTYP_F":0,"ELEVTYP_T":0},"geometry":{"type":"LineString","coordinates":[[-74.0204838728753,40.1700292689303],[-74.0205170098611,40.1702378276152],[-74.0205166076601,40.1702949829903],[-74.0205132373564,40.1703050935568],[-74.0204975612691,40.1703521151933],[-74.0201616568549,40.171289689548],[-74.0201385064671,40.1713551503556]]}},{"type":"Feature","id":103342,"properties":{"OBJECTID":103342,"PRIMENAME":"Jefferson Avenue","ELEVTYP_F":0,"ELEVTYP_T":0},"geometry":{"type":"LineString","coordinates":[[-74.0214115811583,40.1885112235416],[-74.0219892861806,40.1885612533461]]}},{"type":"Feature","id":105069,"properties":{"OBJECTID":105069,"PRIMENAME":"Elm Street","ELEVTYP_F":0,"ELEVTYP_T":0},"geometry":{"type":"LineString","coordinates":[[-74.033711347739,40.1694015925467],[-74.0338027455043,40.1700450090956],[-74.0338148205023,40.1701823418417],[-74.03372024857,40.1706886665294]]}},{"type":"Feature","id":105202,"properties":{"OBJECTID":105202,"PRIMENAME":"FR NJ 35 SB TO NJ 71 SB","ELEVTYP_F":0,"ELEVTYP_T":0},"geometry":{"type":"LineString","coordinates":[[-74.0305238179232,40.1787087685663],[-74.0305568595201,40.1786810110972],[-74.030591757071,40.1786546237906],[-74.0306284141426,40.1786296795617],[-74.0306667294402,40.178606247338],[-74.030706597087,40.1785843918687],[-74.030747906917,40.1785641735461],[-74.0307905447797,40.1785456482385],[-74.030834392855,40.1785288671361],[-74.0309656123394,40.1784806483014],[-74.0310975697161,40.1784336293113],[-74.0311168036244,40.1784254497048],[-74.0311352250266,40.178416235215],[-74.0311527394484,40.1784060330988],[-74.031169257067,40.1783948956779],[-74.031184693172,40.1783828800709],[-74.0311989685996,40.1783700478999],[-74.0312120101387,40.178356464975],[-74.0312237509064,40.1783422009564],[-74.031241720868,40.1782978613626],[-74.0312585431928,40.1782532576412]]}},{"type":"Feature","id":105442,"properties":{"OBJECTID":105442,"PRIMENAME":"5th Avenue","ELEVTYP_F":0,"ELEVTYP_T":0},"geometry":{"type":"LineString","coordinates":[[-74.0351915063232,40.1676220140673],[-74.0359641012207,40.1677104091345],[-74.0360214517488,40.167717447201]]}},{"type":"Feature","id":106226,"properties":{"OBJECTID":106226,"PRIMENAME":"M Street","ELEVTYP_F":0,"ELEVTYP_T":0},"geometry":{"type":"LineString","coordinates":[[-74.0420965435576,40.1733334265704],[-74.0420955517531,40.1733159071583],[-74.0420374939775,40.172710400109],[-74.0420322450199,40.172655473996]]}},{"type":"Feature","id":106922,"properties":{"OBJECTID":106922,"PRIMENAME":"7th Avenue","ELEVTYP_F":0,"ELEVTYP_T":0},"geometry":{"type":"LineString","coordinates":[[-74.0262856604256,40.1827546389544],[-74.0245248949615,40.1823943252036]]}},{"type":"Feature","id":109080,"properties":{"OBJECTID":109080,"PRIMENAME":"Margerum Avenue","ELEVTYP_F":0,"ELEVTYP_T":0},"geometry":{"type":"LineString","coordinates":[[-74.030203058197,40.16759276675],[-74.0301870061511,40.1674140663729],[-74.0301414103331,40.166818129071],[-74.0301362910533,40.1667511238998]]}},{"type":"Feature","id":109733,"properties":{"OBJECTID":109733,"PRIMENAME":"Belmont Avenue","ELEVTYP_F":0,"ELEVTYP_T":0},"geometry":{"type":"LineString","coordinates":[[-74.0288409844503,40.1711700340942],[-74.0285924446789,40.1712244753827]]}},{"type":"Feature","id":111312,"properties":{"OBJECTID":111312,"PRIMENAME":"State Highway 138","ELEVTYP_F":0,"ELEVTYP_T":0},"geometry":{"type":"LineString","coordinates":[[-74.043257678721,40.1745084766681],[-74.0433094869825,40.1744657276995],[-74.0434126871604,40.174392918604],[-74.0435138544836,40.1743295999516],[-74.0435949545103,40.1742809714256],[-74.0437025553266,40.1742242114864],[-74.0438193777931,40.1741746256551],[-74.0439332640147,40.1741304087903],[-74.0441089795991,40.1740721045971],[-74.0442818865126,40.1740269389824],[-74.0444543365421,40.1739912428427],[-74.0446082452041,40.1739668391772],[-74.0448648730578,40.1739249120473],[-74.0452519800944,40.1738728175628],[-74.0454063838977,40.1738508466108]]}},{"type":"Feature","id":111538,"properties":{"OBJECTID":111538,"PRIMENAME":"10th Avenue","ELEVTYP_F":0,"ELEVTYP_T":0},"geometry":{"type":"LineString","coordinates":[[-74.0178498583325,40.1777311414284],[-74.0176193212879,40.177682330864],[-74.0159083542977,40.1773200615896]]}},{"type":"Feature","id":111906,"properties":{"OBJECTID":111906,"PRIMENAME":"8th Avenue","ELEVTYP_F":0,"ELEVTYP_T":0},"geometry":{"type":"LineString","coordinates":[[-74.0201766116821,40.1803906234124],[-74.0209241705382,40.1805501721566]]}},{"type":"Feature","id":111992,"properties":{"OBJECTID":111992,"PRIMENAME":"Newman Street","ELEVTYP_F":0,"ELEVTYP_T":0},"geometry":{"type":"LineString","coordinates":[[-74.0234123976035,40.173826185257],[-74.0234327622352,40.1737645276231],[-74.0234303537774,40.1737472823399]]}},{"type":"Feature","id":112185,"properties":{"OBJECTID":112185,"PRIMENAME":"17th Avenue","ELEVTYP_F":0,"ELEVTYP_T":0},"geometry":{"type":"LineString","coordinates":[[-74.0187460771006,40.1720968265111],[-74.017858381767,40.1719099408293]]}},{"type":"Feature","id":112418,"properties":{"OBJECTID":112418,"PRIMENAME":"3rd Avenue","ELEVTYP_F":0,"ELEVTYP_T":0},"geometry":{"type":"LineString","coordinates":[[-74.0165209062716,40.1887233287788],[-74.0164600683531,40.1891800511906]]}},{"type":"Feature","id":112452,"properties":{"OBJECTID":112452,"PRIMENAME":"11th Avenue","ELEVTYP_F":0,"ELEVTYP_T":0},"geometry":{"type":"LineString","coordinates":[[-74.0281609114057,40.1788314848719],[-74.028251362226,40.1788509325062],[-74.0294488140411,40.1791084256301],[-74.0295366036017,40.1791351866507]]}},{"type":"Feature","id":113204,"properties":{"OBJECTID":113204,"PRIMENAME":"17th Avenue","ELEVTYP_F":0,"ELEVTYP_T":0},"geometry":{"type":"LineString","coordinates":[[-74.0442145424173,40.1713509385751],[-74.0447807889092,40.1712818442418],[-74.0450171987619,40.1712529943586],[-74.0451397330957,40.1712380399829]]}},{"type":"Feature","id":113963,"properties":{"OBJECTID":113963,"PRIMENAME":"Gannet Lane","ELEVTYP_F":0,"ELEVTYP_T":0},"geometry":{"type":"LineString","coordinates":[[-74.0467079379104,40.1768147328004],[-74.046709549827,40.1767392442987],[-74.0467185998881,40.1763151082077],[-74.0467066565602,40.1762435746453],[-74.0466635184209,40.1761862217046],[-74.0465956435978,40.1761192183873],[-74.0465586698993,40.1760714151168],[-74.0465466315788,40.1760141839284],[-74.0465355146899,40.1758187049873],[-74.0465373732992,40.1755394822842]]}},{"type":"Feature","id":114383,"properties":{"OBJECTID":114383,"PRIMENAME":"18th Avenue","ELEVTYP_F":0,"ELEVTYP_T":0},"geometry":{"type":"LineString","coordinates":[[-74.0329757979887,40.169558013839],[-74.0325353184361,40.1696526521105]]}},{"type":"Feature","id":114794,"properties":{"OBJECTID":114794,"PRIMENAME":"17th Avenue","ELEVTYP_F":0,"ELEVTYP_T":0},"geometry":{"type":"LineString","coordinates":[[-74.0298668850935,40.1731638798168],[-74.0299992709671,40.1731470864575],[-74.0316335557225,40.1729397513131],[-74.0318466980094,40.172912708535],[-74.0326546947135,40.1728098414187]]}},{"type":"Feature","id":115678,"properties":{"OBJECTID":115678,"PRIMENAME":"J Street","ELEVTYP_F":0,"ELEVTYP_T":0},"geometry":{"type":"LineString","coordinates":[[-74.0363334412249,40.1691713316978],[-74.0363387687572,40.1692560996969],[-74.0364732932927,40.1714014107127],[-74.036478556624,40.1714851354308]]}},{"type":"Feature","id":116177,"properties":{"OBJECTID":116177,"PRIMENAME":"A Street","ELEVTYP_F":0,"ELEVTYP_T":0},"geometry":{"type":"LineString","coordinates":[[-74.0176125553557,40.1725882891856],[-74.0173688418674,40.1732757876189]]}},{"type":"Feature","id":116969,"properties":{"OBJECTID":116969,"PRIMENAME":"Lee Street","ELEVTYP_F":0,"ELEVTYP_T":0},"geometry":{"type":"LineString","coordinates":[[-74.0399831479819,40.1709691102889],[-74.0400735174509,40.1709677400015],[-74.0408034901397,40.1709564985638]]}},{"type":"Feature","id":117108,"properties":{"OBJECTID":117108,"PRIMENAME":"West Maplewood Road","ELEVTYP_F":0,"ELEVTYP_T":0},"geometry":{"type":"LineString","coordinates":[[-74.0371989699394,40.1737620911474],[-74.0371643690511,40.1739349604764],[-74.0371323586164,40.1741006743516]]}},{"type":"Feature","id":117199,"properties":{"OBJECTID":117199,"PRIMENAME":"6th Avenue","ELEVTYP_F":0,"ELEVTYP_T":0},"geometry":{"type":"LineString","coordinates":[[-74.0350666275288,40.1685700599515],[-74.0344237025111,40.1685716493124],[-74.0343440431956,40.1685718513602]]}},{"type":"Feature","id":117440,"properties":{"OBJECTID":117440,"PRIMENAME":"C Street","ELEVTYP_F":0,"ELEVTYP_T":0},"geometry":{"type":"LineString","coordinates":[[-74.020136960873,40.1771383039025],[-74.0204498234146,40.1762499958948],[-74.0204777233947,40.1761707176484]]}},{"type":"Feature","id":117466,"properties":{"OBJECTID":117466,"PRIMENAME":"E Street","ELEVTYP_F":0,"ELEVTYP_T":0},"geometry":{"type":"LineString","coordinates":[[-74.0243612442413,40.1769881642622],[-74.0241000538311,40.1777091512545],[-74.0240517812474,40.1778424007494],[-74.0240125615305,40.1779491129614]]}},{"type":"Feature","id":118446,"properties":{"OBJECTID":118446,"PRIMENAME":"Heroys Pond Court","ELEVTYP_F":0,"ELEVTYP_T":0},"geometry":{"type":"LineString","coordinates":[[-74.0465373732992,40.1755394822842],[-74.0465378624101,40.1754660014856],[-74.0465256935961,40.1754231004658],[-74.0465092472833,40.1754151289967],[-74.0464761779147,40.175399104298],[-74.0464204045742,40.1753797788283],[-74.0463209188881,40.1753841662323],[-74.0451774309178,40.1754225611043],[-74.0449213531965,40.1754310597053],[-74.0447921169793,40.1754353495699]]}},{"type":"Feature","id":118477,"properties":{"OBJECTID":118477,"PRIMENAME":"West Pine Tree Way","ELEVTYP_F":0,"ELEVTYP_T":0},"geometry":{"type":"LineString","coordinates":[[-74.0362451300022,40.1752255562734],[-74.0361642382305,40.1757122548213]]}},{"type":"Feature","id":118888,"properties":{"OBJECTID":118888,"PRIMENAME":"Green Street","ELEVTYP_F":0,"ELEVTYP_T":0},"geometry":{"type":"LineString","coordinates":[[-74.0280848952639,40.1740161074817],[-74.0280368124938,40.1747298967639]]}},{"type":"Feature","id":119071,"properties":{"OBJECTID":119071,"PRIMENAME":"18th Avenue","ELEVTYP_F":0,"ELEVTYP_T":0},"geometry":{"type":"LineString","coordinates":[[-74.047097432252,40.1684488840871],[-74.0460085450485,40.1686508165954],[-74.0449351191329,40.1688426156368]]}},{"type":"Feature","id":119109,"properties":{"OBJECTID":119109,"PRIMENAME":"16th Avenue","ELEVTYP_F":0,"ELEVTYP_T":0},"geometry":{"type":"LineString","coordinates":[[-74.0401518730258,40.176399627645],[-74.0396548484866,40.1763126032961]]}},{"type":"Feature","id":119128,"properties":{"OBJECTID":119128,"PRIMENAME":"Marion Street","ELEVTYP_F":0,"ELEVTYP_T":0},"geometry":{"type":"LineString","coordinates":[[-74.048258718047,40.1785146012697],[-74.0482759272873,40.1785278984687],[-74.0483193793487,40.1785328451906],[-74.0484312841814,40.1785237282252],[-74.0490595446225,40.1784213344795],[-74.0491290887453,40.1784099928909]]}},{"type":"Feature","id":119534,"properties":{"OBJECTID":119534,"PRIMENAME":"Glenn Street","ELEVTYP_F":0,"ELEVTYP_T":0},"geometry":{"type":"LineString","coordinates":[[-74.037719594635,40.1714594597045],[-74.0370319568131,40.1714751328024],[-74.036478556624,40.1714851354308]]}},{"type":"Feature","id":119870,"properties":{"OBJECTID":119870,"PRIMENAME":"Ocean Avenue","ELEVTYP_F":0,"ELEVTYP_T":0},"geometry":{"type":"LineString","coordinates":[[-74.0115711324913,40.1828933514211],[-74.0112109118877,40.1839014574071]]}},{"type":"Feature","id":119920,"properties":{"OBJECTID":119920,"PRIMENAME":"K Street","ELEVTYP_F":0,"ELEVTYP_T":0},"geometry":{"type":"LineString","coordinates":[[-74.032803720319,40.1782516250206],[-74.0327982967403,40.1781449494351],[-74.0327781556598,40.1777444972757],[-74.0327613532243,40.1774104402852]]}},{"type":"Feature","id":120533,"properties":{"OBJECTID":120533,"PRIMENAME":"Bradley Terrace","ELEVTYP_F":0,"ELEVTYP_T":0},"geometry":{"type":"LineString","coordinates":[[-74.0218312812571,40.171722031413],[-74.0218572632727,40.1716503771913],[-74.0220677511772,40.1710700720041]]}},{"type":"Feature","id":120633,"properties":{"OBJECTID":120633,"PRIMENAME":"Howard Street","ELEVTYP_F":0,"ELEVTYP_T":0},"geometry":{"type":"LineString","coordinates":[[-74.0408034901397,40.1709564985638],[-74.040800871042,40.1708991392693],[-74.0407900589698,40.1706608074535],[-74.0407975752435,40.1704749543075],[-74.040779633722,40.1703652642515],[-74.0407737921513,40.1703080299733]]}},{"type":"Feature","id":121126,"properties":{"OBJECTID":121126,"PRIMENAME":"Main Street","ELEVTYP_F":0,"ELEVTYP_T":0},"geometry":{"type":"LineString","coordinates":[[-74.0241638999483,40.1833977194644],[-74.0240887832844,40.1836059406769],[-74.0238607350071,40.1842269712567],[-74.0238033116094,40.1843924666898]]}},{"type":"Feature","id":121442,"properties":{"OBJECTID":121442,"PRIMENAME":"FR RT 35 SB to CO 18 WB","ELEVTYP_F":0,"ELEVTYP_T":0},"geometry":{"type":"LineString","coordinates":[[-74.0411036857476,40.1769202013034],[-74.041163509885,40.1768890735963],[-74.0412223391208,40.1768568495343],[-74.0412801393148,40.1768235478187],[-74.0413368769243,40.1767891877759],[-74.041375901015,40.1767671859078],[-74.0414156029234,40.176745909531],[-74.041455958762,40.1767253711228],[-74.0414969461855,40.1767055823097],[-74.041554883748,40.1766793619881],[-74.0416139308265,40.1766546408812],[-74.0416740215125,40.1766314465823],[-74.0417350887327,40.1766098049805]]}},{"type":"Feature","id":121551,"properties":{"OBJECTID":121551,"PRIMENAME":"12th Avenue","ELEVTYP_F":0,"ELEVTYP_T":0},"geometry":{"type":"LineString","coordinates":[[-74.0204777233947,40.1761707176484],[-74.0223023954653,40.1765579041934],[-74.0224253302588,40.1765836951692]]}},{"type":"Feature","id":121887,"properties":{"OBJECTID":121887,"PRIMENAME":"H Street","ELEVTYP_F":0,"ELEVTYP_T":0},"geometry":{"type":"LineString","coordinates":[[-74.0334822087714,40.1686161477303],[-74.0333446138503,40.1693228052742],[-74.0333137989208,40.1694853931737]]}},{"type":"Feature","id":123089,"properties":{"OBJECTID":123089,"PRIMENAME":"L Street","ELEVTYP_F":0,"ELEVTYP_T":0},"geometry":{"type":"LineString","coordinates":[[-74.0391622983082,40.1729613295986],[-74.0391472804837,40.1728800376529],[-74.0390573817772,40.172393546793],[-74.0390155465436,40.1721503141718],[-74.038999687197,40.1720082924083]]}},{"type":"Feature","id":123530,"properties":{"OBJECTID":123530,"PRIMENAME":"17th Avenue","ELEVTYP_F":0,"ELEVTYP_T":0},"geometry":{"type":"LineString","coordinates":[[-74.0198823931081,40.1723366724238],[-74.0197975407073,40.1723187546062]]}},{"type":"Feature","id":123775,"properties":{"OBJECTID":123775,"PRIMENAME":"Woodland Avenue","ELEVTYP_F":0,"ELEVTYP_T":0},"geometry":{"type":"LineString","coordinates":[[-74.03479092086,40.1742700619465],[-74.0332648753746,40.1744960050102],[-74.0324252124384,40.1746213158272],[-74.0322982129227,40.1746402665165]]}},{"type":"Feature","id":126151,"properties":{"OBJECTID":126151,"PRIMENAME":"State Highway 138","ELEVTYP_F":0,"ELEVTYP_T":0},"geometry":{"type":"LineString","coordinates":[[-74.046444878473,40.1737034740173],[-74.0466978861923,40.1736676235273],[-74.0480223283438,40.1734772281259]]}},{"type":"Feature","id":126569,"properties":{"OBJECTID":126569,"PRIMENAME":"White Street","ELEVTYP_F":0,"ELEVTYP_T":0},"geometry":{"type":"LineString","coordinates":[[-74.0241227917681,40.1722062397637],[-74.0239575654247,40.1716066249427],[-74.0239339372278,40.1715208471834]]}},{"type":"Feature","id":129026,"properties":{"OBJECTID":129026,"PRIMENAME":"State Highway 138","ELEVTYP_F":0,"ELEVTYP_T":0},"geometry":{"type":"LineString","coordinates":[[-74.0429627115551,40.1747574723892],[-74.043127307626,40.1746178107861]]}},{"type":"Feature","id":129291,"properties":{"OBJECTID":129291,"PRIMENAME":"18th Avenue","ELEVTYP_F":0,"ELEVTYP_T":0},"geometry":{"type":"LineString","coordinates":[[-74.0420838240518,40.1690543731116],[-74.0417320054557,40.1690616835101]]}},{"type":"Feature","id":129489,"properties":{"OBJECTID":129489,"PRIMENAME":"Ocean Avenue","ELEVTYP_F":0,"ELEVTYP_T":0},"geometry":{"type":"LineString","coordinates":[[-74.0147233016944,40.1741881832878],[-74.0144692325283,40.1748876839269]]}},{"type":"Feature","id":129557,"properties":{"OBJECTID":129557,"PRIMENAME":"17th Avenue","ELEVTYP_F":0,"ELEVTYP_T":0},"geometry":{"type":"LineString","coordinates":[[-74.0294510065836,40.1732158212353],[-74.029844327991,40.173166741543],[-74.0298668850935,40.1731638798168]]}},{"type":"Feature","id":130746,"properties":{"OBJECTID":130746,"PRIMENAME":"FR MARCONI RD to RT 138 WB","ELEVTYP_F":0,"ELEVTYP_T":0},"geometry":{"type":"LineString","coordinates":[[-74.0489050624194,40.1741263868335],[-74.0490195658809,40.1741776752863],[-74.0490767047478,40.1741785157028],[-74.0492481213646,40.1741810358823],[-74.0496489244627,40.1742008244185],[-74.0497901911083,40.1741989573015],[-74.050052376597,40.1741768894292],[-74.0505857497937,40.1741025871029],[-74.0508485294758,40.1740610002325],[-74.0509788441269,40.1740267782437],[-74.0510933878324,40.1739798665502],[-74.0512010142179,40.1739128599154],[-74.0512858860037,40.1738284971891],[-74.051343467344,40.1737309057659],[-74.051370110136,40.1736304500669],[-74.0513695866535,40.1735252217825],[-74.0513059673555,40.1731866750307],[-74.0512760889929,40.1731332462776],[-74.0512163371096,40.1730263878651]]}},{"type":"Feature","id":130950,"properties":{"OBJECTID":130950,"PRIMENAME":"Gary Drive","ELEVTYP_F":0,"ELEVTYP_T":0},"geometry":{"type":"LineString","coordinates":[[-74.0290960833366,40.1864148382129],[-74.0290570083798,40.1865217444142],[-74.0288017220038,40.1872201443978]]}},{"type":"Feature","id":130999,"properties":{"OBJECTID":130999,"PRIMENAME":"2nd Avenue","ELEVTYP_F":0,"ELEVTYP_T":0},"geometry":{"type":"LineString","coordinates":[[-74.01084948606,40.1849162832333],[-74.0109771489244,40.1849430403247]]}},{"type":"Feature","id":131163,"properties":{"OBJECTID":131163,"PRIMENAME":"Washington Avenue","ELEVTYP_F":0,"ELEVTYP_T":0},"geometry":{"type":"LineString","coordinates":[[-74.0143939830922,40.1890173111926],[-74.0123282774589,40.1888529714583]]}},{"type":"Feature","id":131182,"properties":{"OBJECTID":131182,"PRIMENAME":"13th Avenue","ELEVTYP_F":0,"ELEVTYP_T":0},"geometry":{"type":"LineString","coordinates":[[-74.0327613532243,40.1774104402852],[-74.0316722202422,40.1774493056185],[-74.0315418685899,40.1774344746051],[-74.0315245364037,40.1774308630108]]}},{"type":"Feature","id":131621,"properties":{"OBJECTID":131621,"PRIMENAME":"East Curtis Avenue","ELEVTYP_F":0,"ELEVTYP_T":0},"geometry":{"type":"LineString","coordinates":[[-74.032461336704,40.1738109750062],[-74.0323125811313,40.1738297009564],[-74.0297816533009,40.1741483052035]]}},{"type":"Feature","id":132459,"properties":{"OBJECTID":132459,"PRIMENAME":"State Highway 35","ELEVTYP_F":0,"ELEVTYP_T":0},"geometry":{"type":"LineString","coordinates":[[-74.0430957286943,40.1746038229326],[-74.0432062418767,40.1744762087012]]}},{"type":"Feature","id":132745,"properties":{"OBJECTID":132745,"PRIMENAME":"16th Avenue","ELEVTYP_F":0,"ELEVTYP_T":0},"geometry":{"type":"LineString","coordinates":[[-74.0321592792295,40.1753600645636],[-74.0310534710683,40.175273452705],[-74.0305952656196,40.1752394002708],[-74.0301716278472,40.1752079163325],[-74.0298611236298,40.1751876038587],[-74.0296562912328,40.1751534171244],[-74.0294825265274,40.1751241046619],[-74.0294476505089,40.1751162765393]]}},{"type":"Feature","id":133117,"properties":{"OBJECTID":133117,"PRIMENAME":"12th Avenue","ELEVTYP_F":0,"ELEVTYP_T":0},"geometry":{"type":"LineString","coordinates":[[-74.0295832189562,40.1780909157274],[-74.0300953635824,40.1782014613655]]}},{"type":"Feature","id":133765,"properties":{"OBJECTID":133765,"PRIMENAME":"D Street","ELEVTYP_F":0,"ELEVTYP_T":0},"geometry":{"type":"LineString","coordinates":[[-74.0231673941657,40.1745164628179],[-74.0234123976035,40.173826185257]]}},{"type":"Feature","id":133976,"properties":{"OBJECTID":133976,"PRIMENAME":"Jefferson Avenue","ELEVTYP_F":0,"ELEVTYP_T":0},"geometry":{"type":"LineString","coordinates":[[-74.0186932835085,40.1893544573377],[-74.0189528715055,40.1892537419609],[-74.0208099851325,40.1885179444022],[-74.020892083475,40.1885000554225]]}},{"type":"Feature","id":134165,"properties":{"OBJECTID":134165,"PRIMENAME":"Rosewood Drive","ELEVTYP_F":0,"ELEVTYP_T":0},"geometry":{"type":"LineString","coordinates":[[-74.0396206887179,40.1760609189853],[-74.0396548484866,40.1763126032961]]}},{"type":"Feature","id":134440,"properties":{"OBJECTID":134440,"PRIMENAME":"West Railroad Avenue","ELEVTYP_F":0,"ELEVTYP_T":0},"geometry":{"type":"LineString","coordinates":[[-74.0278381791792,40.1797674586614],[-74.0278069903512,40.1798522977188],[-74.0277824400151,40.1799190998675]]}},{"type":"Feature","id":136266,"properties":{"OBJECTID":136266,"PRIMENAME":"A Street","ELEVTYP_F":0,"ELEVTYP_T":0},"geometry":{"type":"LineString","coordinates":[[-74.0130011773722,40.1853675618799],[-74.0126404601934,40.186370975489]]}},{"type":"Feature","id":137453,"properties":{"OBJECTID":137453,"PRIMENAME":"West Railroad Avenue","ELEVTYP_F":0,"ELEVTYP_T":0},"geometry":{"type":"LineString","coordinates":[[-74.0294476505089,40.1751162765393],[-74.0294072571909,40.1752286133099],[-74.0288213622354,40.1768586786906]]}},{"type":"Feature","id":137708,"properties":{"OBJECTID":137708,"PRIMENAME":"Main Street","ELEVTYP_F":0,"ELEVTYP_T":0},"geometry":{"type":"LineString","coordinates":[[-74.0274366047732,40.1707593827716],[-74.0274119445902,40.1716267055191],[-74.0274098649309,40.1716685632539]]}},{"type":"Feature","id":137828,"properties":{"OBJECTID":137828,"PRIMENAME":"North Lake Drive","ELEVTYP_F":0,"ELEVTYP_T":0},"geometry":{"type":"LineString","coordinates":[[-74.0180332518078,40.1821055558628],[-74.0181949205095,40.1820556341838],[-74.0182185218032,40.1820454187557],[-74.0183907296626,40.181970878339]]}},{"type":"Feature","id":138950,"properties":{"OBJECTID":138950,"PRIMENAME":"10th Avenue","ELEVTYP_F":0,"ELEVTYP_T":0},"geometry":{"type":"LineString","coordinates":[[-74.0217100316634,40.1785482499742],[-74.0197819918931,40.1781395964322]]}},{"type":"Feature","id":140375,"properties":{"OBJECTID":140375,"PRIMENAME":"South Riverside Drive","ELEVTYP_F":0,"ELEVTYP_T":0},"geometry":{"type":"LineString","coordinates":[[-74.0463438674707,40.1873879451556],[-74.0459213221985,40.1871817666715],[-74.0455870299026,40.1870161779918]]}},{"type":"Feature","id":140388,"properties":{"OBJECTID":140388,"PRIMENAME":"Ocean Avenue","ELEVTYP_F":0,"ELEVTYP_T":0},"geometry":{"type":"LineString","coordinates":[[-74.0101901490244,40.18750297285],[-74.0101843883893,40.1875611420107],[-74.0101584827719,40.1877040056013],[-74.0101492862416,40.1878050575828],[-74.0101333427077,40.1879802462164],[-74.010127272795,40.1880469488593],[-74.0101122792829,40.1883995691132],[-74.0100814340437,40.1886716595482]]}},{"type":"Feature","id":141219,"properties":{"OBJECTID":141219,"PRIMENAME":"A Street","ELEVTYP_F":0,"ELEVTYP_T":0},"geometry":{"type":"LineString","coordinates":[[-74.0126404601934,40.186370975489],[-74.0124769153048,40.1868259737731]]}},{"type":"Feature","id":141248,"properties":{"OBJECTID":141248,"PRIMENAME":"Brand Parkway","ELEVTYP_F":0,"ELEVTYP_T":0},"geometry":{"type":"LineString","coordinates":[[-74.0303630264615,40.1715891068028],[-74.0303211444415,40.1715958550209],[-74.0302340510296,40.1716098044544],[-74.0300941099134,40.1716406459299]]}},{"type":"Feature","id":144662,"properties":{"OBJECTID":144662,"PRIMENAME":"Inlet Terrace","ELEVTYP_F":0,"ELEVTYP_T":0},"geometry":{"type":"LineString","coordinates":[[-74.0147248515643,40.1859219584657],[-74.0147074259303,40.1860444962018],[-74.0147006979085,40.1860918165181],[-74.0146810635898,40.1862299581999],[-74.0146926352686,40.1863491516822],[-74.0147291506922,40.1864588953523],[-74.0147842109663,40.186578298122],[-74.0148456348007,40.18667864762],[-74.0149134595526,40.1867599719145],[-74.0150060181666,40.1868461769708],[-74.0151050119214,40.1869085527127],[-74.0152349710648,40.1869805556582],[-74.0153961365533,40.187038414282],[-74.0155326312095,40.1870723411719],[-74.0156629651107,40.1870967147813],[-74.0158681283046,40.1870832981135],[-74.0188095569378,40.1867952562222]]}},{"type":"Feature","id":144727,"properties":{"OBJECTID":144727,"PRIMENAME":"Unnamed Segment","ELEVTYP_F":0,"ELEVTYP_T":0},"geometry":{"type":"LineString","coordinates":[[-74.0242642496813,40.1688859743636],[-74.0242428749338,40.1690055254651],[-74.0241976325308,40.1692579321337],[-74.0241845173142,40.169357943614],[-74.0241715648411,40.1694294321743],[-74.0241151369493,40.1695054363851],[-74.024040062102,40.1695766146373]]}},{"type":"Feature","id":146603,"properties":{"OBJECTID":146603,"PRIMENAME":"9th Avenue","ELEVTYP_F":0,"ELEVTYP_T":0},"geometry":{"type":"LineString","coordinates":[[-74.0174823799077,40.178729959031],[-74.0155476300875,40.1783216195606]]}},{"type":"Feature","id":146676,"properties":{"OBJECTID":146676,"PRIMENAME":"18th Avenue","ELEVTYP_F":0,"ELEVTYP_T":0},"geometry":{"type":"LineString","coordinates":[[-74.0394925935735,40.1691099823753],[-74.0388185309872,40.1691219868089]]}},{"type":"Feature","id":146687,"properties":{"OBJECTID":146687,"PRIMENAME":"Ocean Avenue","ELEVTYP_F":0,"ELEVTYP_T":0},"geometry":{"type":"LineString","coordinates":[[-74.0154561722768,40.1721394648559],[-74.015213004,40.1728079090156]]}},{"type":"Feature","id":146862,"properties":{"OBJECTID":146862,"PRIMENAME":"12th Avenue","ELEVTYP_F":0,"ELEVTYP_T":0},"geometry":{"type":"LineString","coordinates":[[-74.0185604238304,40.175762144046],[-74.0190265777438,40.1758627741332],[-74.0204777233947,40.1761707176484]]}},{"type":"Feature","id":146937,"properties":{"OBJECTID":146937,"PRIMENAME":"Vernon Avenue","ELEVTYP_F":0,"ELEVTYP_T":0},"geometry":{"type":"LineString","coordinates":[[-74.0435938265189,40.1868626466262],[-74.0436990208904,40.1867354606931],[-74.0440372660793,40.1863364517868],[-74.0440895810718,40.1862747246147]]}},{"type":"Feature","id":147168,"properties":{"OBJECTID":147168,"PRIMENAME":"Unnamed Segment","ELEVTYP_F":0,"ELEVTYP_T":0},"geometry":{"type":"LineString","coordinates":[[-74.0260961867389,40.1686059661234],[-74.0260974204828,40.1686051479529],[-74.0262074232603,40.1685321478028],[-74.0263814237014,40.1684041491134],[-74.0265594237169,40.1682301490379],[-74.0268694211208,40.1679981485302],[-74.0272374219832,40.1677341478373],[-74.0273914224017,40.1676281487837],[-74.0275235506439,40.1675522231039]]}},{"type":"Feature","id":148411,"properties":{"OBJECTID":148411,"PRIMENAME":"2nd Avenue","ELEVTYP_F":0,"ELEVTYP_T":0},"geometry":{"type":"LineString","coordinates":[[-74.0144513357023,40.1885644463618],[-74.0145111914238,40.1880916338983]]}},{"type":"Feature","id":148492,"properties":{"OBJECTID":148492,"PRIMENAME":"Snyder Avenue","ELEVTYP_F":0,"ELEVTYP_T":0},"geometry":{"type":"LineString","coordinates":[[-74.0194467203725,40.1701420822634],[-74.0196392410275,40.1696050555402],[-74.0197849166173,40.169210065688],[-74.0198036683292,40.1691593010662]]}},{"type":"Feature","id":148737,"properties":{"OBJECTID":148737,"PRIMENAME":"18th Avenue","ELEVTYP_F":0,"ELEVTYP_T":0},"geometry":{"type":"LineString","coordinates":[[-74.0502089922072,40.1680995737115],[-74.0497932539332,40.1681143664983]]}},{"type":"Feature","id":149033,"properties":{"OBJECTID":149033,"PRIMENAME":"A Street","ELEVTYP_F":0,"ELEVTYP_T":0},"geometry":{"type":"LineString","coordinates":[[-74.0137283664993,40.1833521624372],[-74.0134980692131,40.1839897156483],[-74.0133635074602,40.1843622316926]]}},{"type":"Feature","id":149101,"properties":{"OBJECTID":149101,"PRIMENAME":"11th Avenue","ELEVTYP_F":0,"ELEVTYP_T":0},"geometry":{"type":"LineString","coordinates":[[-74.020136960873,40.1771383039025],[-74.0220729284043,40.1775508274744]]}},{"type":"Feature","id":149144,"properties":{"OBJECTID":149144,"PRIMENAME":"12th Avenue","ELEVTYP_F":0,"ELEVTYP_T":0},"geometry":{"type":"LineString","coordinates":[[-74.0284733468012,40.1778513240892],[-74.0295832189562,40.1780909157274]]}},{"type":"Feature","id":149250,"properties":{"OBJECTID":149250,"PRIMENAME":"15th Avenue","ELEVTYP_F":0,"ELEVTYP_T":0},"geometry":{"type":"LineString","coordinates":[[-74.0231673941657,40.1745164628179],[-74.0244626119994,40.1748178039015],[-74.0250040335331,40.1749437651054],[-74.0250895357001,40.174963799265]]}},{"type":"Feature","id":149369,"properties":{"OBJECTID":149369,"PRIMENAME":"10th Avenue","ELEVTYP_F":0,"ELEVTYP_T":0},"geometry":{"type":"LineString","coordinates":[[-74.0277824400151,40.1799190998675],[-74.0280828600041,40.1799778294292],[-74.0288605457629,40.1801298534487]]}},{"type":"Feature","id":149469,"properties":{"OBJECTID":149469,"PRIMENAME":"17th Avenue","ELEVTYP_F":0,"ELEVTYP_T":0},"geometry":{"type":"LineString","coordinates":[[-74.0169745155199,40.171723861418],[-74.0158504912392,40.1714872186674],[-74.0157046282966,40.1714565196874]]}},{"type":"Feature","id":149937,"properties":{"OBJECTID":149937,"PRIMENAME":"10th Avenue","ELEVTYP_F":0,"ELEVTYP_T":0},"geometry":{"type":"LineString","coordinates":[[-74.0256133163754,40.1793809720025],[-74.0246576057661,40.1791746429446],[-74.024432531423,40.1791267573398],[-74.0236422335427,40.1789586169406]]}},{"type":"Feature","id":150125,"properties":{"OBJECTID":150125,"PRIMENAME":"1st Avenue","ELEVTYP_F":0,"ELEVTYP_T":0},"geometry":{"type":"LineString","coordinates":[[-74.0123942085984,40.1883686003449],[-74.0123282774589,40.1888529714583]]}},{"type":"Feature","id":150202,"properties":{"OBJECTID":150202,"PRIMENAME":"16th Avenue","ELEVTYP_F":0,"ELEVTYP_T":0},"geometry":{"type":"LineString","coordinates":[[-74.0253519506898,40.174237406115],[-74.0245999658473,40.1740794601129],[-74.0244679621932,40.1740513068426],[-74.0234123976035,40.173826185257]]}},{"type":"Feature","id":150320,"properties":{"OBJECTID":150320,"PRIMENAME":"East Railroad Avenue","ELEVTYP_F":0,"ELEVTYP_T":0},"geometry":{"type":"LineString","coordinates":[[-74.028198604352,40.177792031873],[-74.0282218458233,40.1777260204749],[-74.0285134094415,40.1768979176623],[-74.0285493293603,40.1768015122196]]}},{"type":"Feature","id":150353,"properties":{"OBJECTID":150353,"PRIMENAME":"13th Avenue","ELEVTYP_F":0,"ELEVTYP_T":0},"geometry":{"type":"LineString","coordinates":[[-74.0344655977431,40.1773615490751],[-74.0343508692572,40.1773647939885],[-74.0328717550517,40.1774064931744],[-74.0327613532243,40.1774104402852]]}},{"type":"Feature","id":150363,"properties":{"OBJECTID":150363,"PRIMENAME":"Sea Spray Court","ELEVTYP_F":0,"ELEVTYP_T":0},"geometry":{"type":"LineString","coordinates":[[-74.0299361267429,40.1836220065826],[-74.0300076266207,40.1834736402286],[-74.0300116159626,40.1834245983815],[-74.0299923319659,40.1833922083292],[-74.0297664948117,40.1832396425815],[-74.0297147534858,40.1832220277421],[-74.0296661825513,40.1832168613989],[-74.0296045154079,40.1832265489207],[-74.0295686952214,40.1832512755545],[-74.0294838910351,40.1833255195477],[-74.0294707795863,40.1833478399631],[-74.0294835132468,40.1833802034809],[-74.0295351171415,40.1834177219125],[-74.0297675046459,40.1835702867916],[-74.0298029978266,40.1835878365189],[-74.0298482428127,40.1836029543816],[-74.0299361267429,40.1836220065826]]}},{"type":"Feature","id":150743,"properties":{"OBJECTID":150743,"PRIMENAME":"South Riverside Drive","ELEVTYP_F":0,"ELEVTYP_T":0},"geometry":{"type":"LineString","coordinates":[[-74.0455870299026,40.1870161779918],[-74.0448398901936,40.1866461732957]]}},{"type":"Feature","id":150878,"properties":{"OBJECTID":150878,"PRIMENAME":"11th Avenue","ELEVTYP_F":0,"ELEVTYP_T":0},"geometry":{"type":"LineString","coordinates":[[-74.0220729284043,40.1775508274744],[-74.0222888114127,40.1775968504686],[-74.0228143992497,40.1777038594428],[-74.0238896638998,40.1779227744117],[-74.0240125615305,40.1779491129614]]}},{"type":"Feature","id":150909,"properties":{"OBJECTID":150909,"PRIMENAME":"River Avenue","ELEVTYP_F":0,"ELEVTYP_T":0},"geometry":{"type":"LineString","coordinates":[[-74.014976335393,40.1856665494276],[-74.0150271283182,40.1856261048102],[-74.0151456843898,40.1855598919381],[-74.0152454204763,40.185512624216],[-74.0153743733945,40.1854741810433],[-74.0155442606139,40.1854376392248],[-74.015755816962,40.1854003923962],[-74.0160851803625,40.1853969932902],[-74.0171577136756,40.1854112716675]]}},{"type":"Feature","id":151112,"properties":{"OBJECTID":151112,"PRIMENAME":"Briarwood Terrace","ELEVTYP_F":0,"ELEVTYP_T":0},"geometry":{"type":"LineString","coordinates":[[-74.0261168556227,40.1710462506738],[-74.0260929706182,40.1709815013272],[-74.0253733826908,40.1690339945109]]}},{"type":"Feature","id":151294,"properties":{"OBJECTID":151294,"PRIMENAME":"16th Avenue","ELEVTYP_F":0,"ELEVTYP_T":0},"geometry":{"type":"LineString","coordinates":[[-74.0214853116452,40.1734164389378],[-74.0211506236755,40.1733455724111],[-74.0196430812048,40.1730247469834],[-74.0195515328601,40.1730050403804]]}},{"type":"Feature","id":151722,"properties":{"OBJECTID":151722,"PRIMENAME":"Curtis Avenue","ELEVTYP_F":0,"ELEVTYP_T":0},"geometry":{"type":"LineString","coordinates":[[-74.0420322450199,40.172655473996],[-74.041608875219,40.172699177466],[-74.0410119779824,40.1727631386774]]}},{"type":"Feature","id":151912,"properties":{"OBJECTID":151912,"PRIMENAME":"6th Avenue","ELEVTYP_F":0,"ELEVTYP_T":0},"geometry":{"type":"LineString","coordinates":[[-74.022192951203,40.1829868708479],[-74.0228124964008,40.1831181246476],[-74.0241638999483,40.1833977194644]]}},{"type":"Feature","id":151991,"properties":{"OBJECTID":151991,"PRIMENAME":"18th Avenue","ELEVTYP_F":0,"ELEVTYP_T":0},"geometry":{"type":"LineString","coordinates":[[-74.0325353184361,40.1696526521105],[-74.0322401163396,40.1697160556404],[-74.0309762859717,40.1699927354666]]}},{"type":"Feature","id":152501,"properties":{"OBJECTID":152501,"PRIMENAME":"Seaview Circle","ELEVTYP_F":0,"ELEVTYP_T":0},"geometry":{"type":"LineString","coordinates":[[-74.0288017220038,40.1872201443978],[-74.0286671154226,40.1871917052294],[-74.0274056183733,40.1869258996872]]}},{"type":"Feature","id":152850,"properties":{"OBJECTID":152850,"PRIMENAME":"5th Avenue","ELEVTYP_F":0,"ELEVTYP_T":0},"geometry":{"type":"LineString","coordinates":[[-74.0209561781561,40.188013612755],[-74.020892083475,40.1885000554225]]}},{"type":"Feature","id":153021,"properties":{"OBJECTID":153021,"PRIMENAME":"C Street","ELEVTYP_F":0,"ELEVTYP_T":0},"geometry":{"type":"LineString","coordinates":[[-74.0212392408298,40.1741033313844],[-74.0214539186027,40.1735040757312],[-74.0214853116452,40.1734164389378]]}},{"type":"Feature","id":153273,"properties":{"OBJECTID":153273,"PRIMENAME":"5th Avenue","ELEVTYP_F":0,"ELEVTYP_T":0},"geometry":{"type":"LineString","coordinates":[[-74.0368182474824,40.1678150745386],[-74.0372118388263,40.1678631540527],[-74.0372987603081,40.1678682507261],[-74.0373981354492,40.1678734241126],[-74.0377772426449,40.1678463326115],[-74.0380880457049,40.1678285479159],[-74.0381606315882,40.1678210961341]]}},{"type":"Feature","id":153507,"properties":{"OBJECTID":153507,"PRIMENAME":"America Street","ELEVTYP_F":0,"ELEVTYP_T":0},"geometry":{"type":"LineString","coordinates":[[-74.0360214517488,40.167717447201],[-74.0358968203012,40.1684679454833],[-74.0359012100848,40.1685536149351]]}},{"type":"Feature","id":153917,"properties":{"OBJECTID":153917,"PRIMENAME":"FR RT 35 NB to RT 138 WB","ELEVTYP_F":1,"ELEVTYP_T":1},"geometry":{"type":"LineString","coordinates":[[-74.0430957286943,40.1746038229326],[-74.043103557184,40.1746074072454],[-74.0431114303236,40.1746109335425],[-74.0431193473825,40.1746144014967],[-74.043127307626,40.1746178107861]]}},{"type":"Feature","id":154084,"properties":{"OBJECTID":154084,"PRIMENAME":"State Highway 35","ELEVTYP_F":0,"ELEVTYP_T":0},"geometry":{"type":"LineString","coordinates":[[-74.0432062418767,40.1744762087012],[-74.0432067080905,40.1744756719351],[-74.0433195136996,40.1743367117878],[-74.043404140963,40.1742262468418],[-74.0434606278894,40.1741442484889],[-74.0435265619879,40.1740408467106],[-74.043583155661,40.173937435993],[-74.0436492574347,40.1738089437086],[-74.0437179225087,40.1736760067307],[-74.0437247826898,40.1736627262455],[-74.0437684435305,40.1735718100091]]}},{"type":"Feature","id":154090,"properties":{"OBJECTID":154090,"PRIMENAME":"Ripley Lane","ELEVTYP_F":0,"ELEVTYP_T":0},"geometry":{"type":"LineString","coordinates":[[-74.0239541983933,40.1685695976001],[-74.0240467198473,40.1686234557583],[-74.0241209951309,40.1686666153466],[-74.0242013265148,40.1687289058684],[-74.0242442060675,40.1688148717015],[-74.0242642496813,40.1688859743636]]}},{"type":"Feature","id":154936,"properties":{"OBJECTID":154936,"PRIMENAME":"River Road","ELEVTYP_F":0,"ELEVTYP_T":0},"geometry":{"type":"LineString","coordinates":[[-74.0411036857476,40.1769202013034],[-74.0411776090153,40.1768590545557],[-74.0411861306576,40.176850605744],[-74.0412843298186,40.1767532362005],[-74.0413513134619,40.1766702645434],[-74.0414082289537,40.1765995796422]]}},{"type":"Feature","id":154942,"properties":{"OBJECTID":154942,"PRIMENAME":"Seaview Circle","ELEVTYP_F":0,"ELEVTYP_T":0},"geometry":{"type":"LineString","coordinates":[[-74.0274056183733,40.1869258996872],[-74.0256001122963,40.1865443817268]]}},{"type":"Feature","id":155216,"properties":{"OBJECTID":155216,"PRIMENAME":"State Highway 138","ELEVTYP_F":0,"ELEVTYP_T":0},"geometry":{"type":"LineString","coordinates":[[-74.0480223283438,40.1734772281259],[-74.0483532202854,40.1734304168482],[-74.0492520678565,40.1733032501581]]}},{"type":"Feature","id":155813,"properties":{"OBJECTID":155813,"PRIMENAME":"11th Avenue","ELEVTYP_F":0,"ELEVTYP_T":0},"geometry":{"type":"LineString","coordinates":[[-74.0162759584086,40.1763108176491],[-74.0180390516808,40.1766879579397],[-74.0182142605389,40.1767256113321]]}},{"type":"Feature","id":156003,"properties":{"OBJECTID":156003,"PRIMENAME":"Gary Drive","ELEVTYP_F":0,"ELEVTYP_T":0},"geometry":{"type":"LineString","coordinates":[[-74.0290960833366,40.1864148382129],[-74.0290345069787,40.1864007794695],[-74.0277069932641,40.1861178245469],[-74.0277064573635,40.1861177124782]]}},{"type":"Feature","id":156355,"properties":{"OBJECTID":156355,"PRIMENAME":"Unnamed Segment","ELEVTYP_F":0,"ELEVTYP_T":0},"geometry":{"type":"LineString","coordinates":[[-74.0516804696695,40.1646764784608],[-74.0510613499784,40.1647293876367],[-74.0505784566416,40.1647611790068],[-74.0505048442215,40.1648338348059],[-74.0505031789477,40.1650863167838],[-74.0505169529993,40.1652154187392],[-74.0504652049853,40.1652993809505],[-74.0503773356367,40.1653158716677],[-74.0495508247665,40.1653294919824],[-74.04944762164,40.1654525294798],[-74.0494677455096,40.1657275393286],[-74.0495159322343,40.166182205206],[-74.0496419748139,40.1670299322487],[-74.0497932539332,40.1681143664983]]}},{"type":"Feature","id":156644,"properties":{"OBJECTID":156644,"PRIMENAME":"Redmond Avenue","ELEVTYP_F":0,"ELEVTYP_T":0},"geometry":{"type":"LineString","coordinates":[[-74.0241227917681,40.1722062397637],[-74.0242269074616,40.1721892080061],[-74.0244812492399,40.1721476066804],[-74.0248257300084,40.1720912604905],[-74.0272684896261,40.1716916775461],[-74.0274098649309,40.1716685632539]]}},{"type":"Feature","id":156690,"properties":{"OBJECTID":156690,"PRIMENAME":"Unnamed Segment","ELEVTYP_F":0,"ELEVTYP_T":0},"geometry":{"type":"LineString","coordinates":[[-74.0262353184803,40.1738093797748],[-74.0269206475962,40.1735056327737],[-74.0270974271941,40.1734740125232],[-74.0270545030056,40.173963032256]]}},{"type":"Feature","id":156728,"properties":{"OBJECTID":156728,"PRIMENAME":"B Street","ELEVTYP_F":0,"ELEVTYP_T":0},"geometry":{"type":"LineString","coordinates":[[-74.0174823799077,40.178729959031],[-74.0171190127855,40.1797379613136]]}},{"type":"Feature","id":157563,"properties":{"OBJECTID":157563,"PRIMENAME":"Belmar Boulevard","ELEVTYP_F":0,"ELEVTYP_T":0},"geometry":{"type":"LineString","coordinates":[[-74.0417350887327,40.1766098049805],[-74.0416505127651,40.1766170376802],[-74.0415574822089,40.176610724874],[-74.0415014462925,40.1766069218819],[-74.0414082289537,40.1765995796422]]}},{"type":"Feature","id":158778,"properties":{"OBJECTID":158778,"PRIMENAME":"Pine Terrace","ELEVTYP_F":0,"ELEVTYP_T":0},"geometry":{"type":"LineString","coordinates":[[-74.0252978618575,40.1712242751846],[-74.0252716515383,40.1711544930557],[-74.0246006946648,40.1693692345905]]}},{"type":"Feature","id":159055,"properties":{"OBJECTID":159055,"PRIMENAME":"Roosevelt Avenue","ELEVTYP_F":0,"ELEVTYP_T":0},"geometry":{"type":"LineString","coordinates":[[-74.0144513357023,40.1885644463618],[-74.0145619545901,40.1885729262655],[-74.0164004486625,40.1887140683922],[-74.0165209062716,40.1887233287788]]}},{"type":"Feature","id":159114,"properties":{"OBJECTID":159114,"PRIMENAME":"19th Avenue","ELEVTYP_F":0,"ELEVTYP_T":0},"geometry":{"type":"LineString","coordinates":[[-74.0204838728753,40.1700292689303],[-74.020570254544,40.1700198542922],[-74.0207125171473,40.1700046201693]]}},{"type":"Feature","id":160593,"properties":{"OBJECTID":160593,"PRIMENAME":"Marven Court","ELEVTYP_F":0,"ELEVTYP_T":0},"geometry":{"type":"LineString","coordinates":[[-74.0476857475331,40.1889129756894],[-74.0473886996786,40.1889366869021],[-74.0466487311854,40.1889957517638],[-74.0465638497654,40.1890025292743]]}},{"type":"Feature","id":160727,"properties":{"OBJECTID":160727,"PRIMENAME":"Brand Parkway","ELEVTYP_F":0,"ELEVTYP_T":0},"geometry":{"type":"LineString","coordinates":[[-74.0299500074254,40.1702100999235],[-74.0299746631395,40.1702776509259],[-74.030273029915,40.1710949772753]]}},{"type":"Feature","id":160832,"properties":{"OBJECTID":160832,"PRIMENAME":"18th Avenue","ELEVTYP_F":0,"ELEVTYP_T":0},"geometry":{"type":"LineString","coordinates":[[-74.0388185309872,40.1691219868089],[-74.0387800219004,40.1691226836555],[-74.0382136426516,40.1691339606036]]}},{"type":"Feature","id":161143,"properties":{"OBJECTID":161143,"PRIMENAME":"Washington Lane","ELEVTYP_F":0,"ELEVTYP_T":0},"geometry":{"type":"LineString","coordinates":[[-74.0123942085984,40.1883686003449],[-74.0125267580731,40.188378794874],[-74.0132410328987,40.1884336359446]]}},{"type":"Feature","id":162391,"properties":{"OBJECTID":162391,"PRIMENAME":"Arnold Place","ELEVTYP_F":0,"ELEVTYP_T":0},"geometry":{"type":"LineString","coordinates":[[-74.0408976628912,40.1874631371289],[-74.041040363703,40.1874970576734],[-74.0411830966572,40.1875262289049],[-74.0413754505939,40.1875698722593],[-74.0415740624035,40.187604013624],[-74.0416857583214,40.1876282850469],[-74.0418532042115,40.1876766602246],[-74.042002009835,40.1877344059074],[-74.0422064346433,40.187830530288],[-74.0422691276625,40.18786006456],[-74.0425533371639,40.1879939538583],[-74.0426278063693,40.1880290312921]]}},{"type":"Feature","id":163592,"properties":{"OBJECTID":163592,"PRIMENAME":"Bellewood Avenue","ELEVTYP_F":0,"ELEVTYP_T":0},"geometry":{"type":"LineString","coordinates":[[-74.0399218194211,40.1703106317698],[-74.0399283265868,40.1703856859594],[-74.0399831479819,40.1709691102889]]}},{"type":"Feature","id":164401,"properties":{"OBJECTID":164401,"PRIMENAME":"Maple Street","ELEVTYP_F":0,"ELEVTYP_T":0},"geometry":{"type":"LineString","coordinates":[[-74.0500301649189,40.1763423556995],[-74.0501679864991,40.1763447187344],[-74.0503842944419,40.1763484258101],[-74.0510366778068,40.1763509574543],[-74.0511373394594,40.1763420140297]]}},{"type":"Feature","id":166167,"properties":{"OBJECTID":166167,"PRIMENAME":"Campmeeting Street","ELEVTYP_F":0,"ELEVTYP_T":0},"geometry":{"type":"LineString","coordinates":[[-74.0345213381611,40.1675428937566],[-74.0346399093167,40.166937734897],[-74.0346473248283,40.1668998524173]]}},{"type":"Feature","id":166953,"properties":{"OBJECTID":166953,"PRIMENAME":"15th Avenue","ELEVTYP_F":0,"ELEVTYP_T":0},"geometry":{"type":"LineString","coordinates":[[-74.0173688418674,40.1732757876189],[-74.0191664430186,40.1736566510622],[-74.0193064462342,40.1736868538997]]}},{"type":"Feature","id":167477,"properties":{"OBJECTID":167477,"PRIMENAME":"12th Avenue","ELEVTYP_F":0,"ELEVTYP_T":0},"geometry":{"type":"LineString","coordinates":[[-74.0243612442413,40.1769881642622],[-74.0244473367032,40.1770060613089],[-74.0261738643782,40.1773649725742],[-74.0263287869548,40.1773973968068]]}},{"type":"Feature","id":167765,"properties":{"OBJECTID":167765,"PRIMENAME":"16th Avenue","ELEVTYP_F":0,"ELEVTYP_T":0},"geometry":{"type":"LineString","coordinates":[[-74.0280311216597,40.174814597615],[-74.0278074006915,40.174769349548],[-74.0273031234362,40.1746587439313]]}},{"type":"Feature","id":168743,"properties":{"OBJECTID":168743,"PRIMENAME":"Seibel Road","ELEVTYP_F":0,"ELEVTYP_T":0},"geometry":{"type":"LineString","coordinates":[[-74.0474456454197,40.1713600715899],[-74.0475421982008,40.171354436915],[-74.0481375890706,40.1713197468976]]}},{"type":"Feature","id":169490,"properties":{"OBJECTID":169490,"PRIMENAME":"Seaview Court","ELEVTYP_F":0,"ELEVTYP_T":0},"geometry":{"type":"LineString","coordinates":[[-74.0288017220038,40.1872201443978],[-74.0285096147303,40.188019282958]]}},{"type":"Feature","id":169668,"properties":{"OBJECTID":169668,"PRIMENAME":"Hilltop Drive","ELEVTYP_F":0,"ELEVTYP_T":0},"geometry":{"type":"LineString","coordinates":[[-74.0401964675723,40.1735412898696],[-74.0409886793774,40.1734592750957],[-74.0410671855016,40.1734503624624]]}},{"type":"Feature","id":170516,"properties":{"OBJECTID":170516,"PRIMENAME":"North Boulevard","ELEVTYP_F":0,"ELEVTYP_T":0},"geometry":{"type":"LineString","coordinates":[[-74.0203341935909,40.1692039139959],[-74.0198036683292,40.1691593010662]]}},{"type":"Feature","id":170629,"properties":{"OBJECTID":170629,"PRIMENAME":"Central Avenue","ELEVTYP_F":0,"ELEVTYP_T":0},"geometry":{"type":"LineString","coordinates":[[-74.039445024679,40.1677930492093],[-74.0393993803152,40.166837593871],[-74.0393952805095,40.1665230513769],[-74.0393740583608,40.1659939250614],[-74.0393649564446,40.1654982017735]]}},{"type":"Feature","id":170668,"properties":{"OBJECTID":170668,"PRIMENAME":"A Street","ELEVTYP_F":0,"ELEVTYP_T":0},"geometry":{"type":"LineString","coordinates":[[-74.0189746601504,40.1688254387971],[-74.0189420654257,40.1689158422724],[-74.0188924266326,40.1690535037635]]}},{"type":"Feature","id":170719,"properties":{"OBJECTID":170719,"PRIMENAME":"6th Avenue","ELEVTYP_F":0,"ELEVTYP_T":0},"geometry":{"type":"LineString","coordinates":[[-74.0180332518078,40.1821055558628],[-74.0181961819751,40.1821400868479],[-74.0183206265514,40.1821664621861]]}},{"type":"Feature","id":170871,"properties":{"OBJECTID":170871,"PRIMENAME":"Walling Avenue","ELEVTYP_F":0,"ELEVTYP_T":0},"geometry":{"type":"LineString","coordinates":[[-74.0297029129631,40.1723761050283],[-74.029233261082,40.1724358829059]]}},{"type":"Feature","id":171480,"properties":{"OBJECTID":171480,"PRIMENAME":"18th Avenue","ELEVTYP_F":0,"ELEVTYP_T":0},"geometry":{"type":"LineString","coordinates":[[-74.0329757979887,40.169558013839],[-74.0329114241356,40.1692351481839],[-74.0328924231361,40.1692101479487],[-74.0328614239842,40.1691951490757],[-74.0327804247443,40.1691711488085],[-74.0327634249134,40.1691551490032],[-74.0327594239427,40.1691061485467],[-74.0328854247438,40.1686091481455],[-74.0329174262496,40.1685931487931],[-74.0334094254135,40.1686131488069],[-74.0334822087714,40.1686161477303]]}},{"type":"Feature","id":171888,"properties":{"OBJECTID":171888,"PRIMENAME":"Fernwood Road","ELEVTYP_F":0,"ELEVTYP_T":0},"geometry":{"type":"LineString","coordinates":[[-74.0260961867389,40.1686059661234],[-74.026090900749,40.1685984310265],[-74.0260477185581,40.1685505966626],[-74.0259797391315,40.1685026328432],[-74.0258929139358,40.168478475111],[-74.0258418399519,40.1684635533773]]}},{"type":"Feature","id":172443,"properties":{"OBJECTID":172443,"PRIMENAME":"5th Avenue","ELEVTYP_F":0,"ELEVTYP_T":0},"geometry":{"type":"LineString","coordinates":[[-74.0337128035538,40.167446356212],[-74.0338162788321,40.1674587149857],[-74.0345213381611,40.1675428937566]]}},{"type":"Feature","id":172505,"properties":{"OBJECTID":172505,"PRIMENAME":"B Street","ELEVTYP_F":0,"ELEVTYP_T":0},"geometry":{"type":"LineString","coordinates":[[-74.0160246671183,40.1827556295775],[-74.0161372415552,40.1824422612965],[-74.0161651392071,40.1823645495524]]}},{"type":"Feature","id":172831,"properties":{"OBJECTID":172831,"PRIMENAME":"Curtis Avenue","ELEVTYP_F":0,"ELEVTYP_T":0},"geometry":{"type":"LineString","coordinates":[[-74.0410119779824,40.1727631386774],[-74.0400461342174,40.1728666188701]]}},{"type":"Feature","id":173915,"properties":{"OBJECTID":173915,"PRIMENAME":"River Road","ELEVTYP_F":0,"ELEVTYP_T":0},"geometry":{"type":"LineString","coordinates":[[-74.0260618202575,40.183406052116],[-74.0260350116532,40.1834840742358],[-74.0259722825516,40.1835743560948],[-74.0258971288416,40.1836550614863],[-74.02576657594,40.1837293351536]]}},{"type":"Feature","id":174274,"properties":{"OBJECTID":174274,"PRIMENAME":"10th Avenue","ELEVTYP_F":0,"ELEVTYP_T":0},"geometry":{"type":"LineString","coordinates":[[-74.0236422335427,40.1789586169406],[-74.0226473463918,40.1787469221956],[-74.0217100316634,40.1785482499742]]}},{"type":"Feature","id":174987,"properties":{"OBJECTID":174987,"PRIMENAME":"River Road","ELEVTYP_F":0,"ELEVTYP_T":0},"geometry":{"type":"LineString","coordinates":[[-74.02576657594,40.1837293351536],[-74.0257473867901,40.1837402646139],[-74.0251553082988,40.1839904296521],[-74.0243964098274,40.1842998374441],[-74.0241831533376,40.1843867806966],[-74.0240836230826,40.1844006743279],[-74.0239592519347,40.1844144657337],[-74.0238033116094,40.1843924666898]]}},{"type":"Feature","id":175135,"properties":{"OBJECTID":175135,"PRIMENAME":"Walling Avenue","ELEVTYP_F":0,"ELEVTYP_T":0},"geometry":{"type":"LineString","coordinates":[[-74.0288811281379,40.1724806805925],[-74.0285239451475,40.1725261159387]]}},{"type":"Feature","id":175395,"properties":{"OBJECTID":175395,"PRIMENAME":"8th Avenue","ELEVTYP_F":0,"ELEVTYP_T":0},"geometry":{"type":"LineString","coordinates":[[-74.0267412994154,40.1818427678965],[-74.0268557024845,40.1818719508647],[-74.0269956111449,40.1819083757897]]}},{"type":"Feature","id":175859,"properties":{"OBJECTID":175859,"PRIMENAME":"18th Avenue","ELEVTYP_F":0,"ELEVTYP_T":0},"geometry":{"type":"LineString","coordinates":[[-74.02100608274,40.1715428684408],[-74.0202253167001,40.1713733237236]]}},{"type":"Feature","id":176031,"properties":{"OBJECTID":176031,"PRIMENAME":"5th Avenue","ELEVTYP_F":0,"ELEVTYP_T":0},"geometry":{"type":"LineString","coordinates":[[-74.0238033116094,40.1843924666898],[-74.0236116125587,40.1843653782891],[-74.0220789750553,40.1840445085144],[-74.0218098188309,40.1839873119945]]}},{"type":"Feature","id":177141,"properties":{"OBJECTID":177141,"PRIMENAME":"18th Avenue","ELEVTYP_F":0,"ELEVTYP_T":0},"geometry":{"type":"LineString","coordinates":[[-74.0236573822092,40.1715817808522],[-74.0232550566205,40.1716704719362],[-74.0231437326933,40.1716948577941]]}},{"type":"Feature","id":178284,"properties":{"OBJECTID":178284,"PRIMENAME":"Elizabeth Court","ELEVTYP_F":0,"ELEVTYP_T":0},"geometry":{"type":"LineString","coordinates":[[-74.0483507759385,40.1706662518278],[-74.0482345700352,40.1700035833671]]}},{"type":"Feature","id":178382,"properties":{"OBJECTID":178382,"PRIMENAME":"Main Street","ELEVTYP_F":0,"ELEVTYP_T":0},"geometry":{"type":"LineString","coordinates":[[-74.0263287869548,40.1773973968068],[-74.0262132188003,40.177717818117],[-74.0259778993055,40.1783702565362]]}},{"type":"Feature","id":178608,"properties":{"OBJECTID":178608,"PRIMENAME":"Xanadu Lane","ELEVTYP_F":0,"ELEVTYP_T":0},"geometry":{"type":"LineString","coordinates":[[-74.0486655518618,40.1681727480467],[-74.0487027023359,40.1683691202213]]}},{"type":"Feature","id":179293,"properties":{"OBJECTID":179293,"PRIMENAME":"Marconi Road","ELEVTYP_F":0,"ELEVTYP_T":0},"geometry":{"type":"LineString","coordinates":[[-74.0488056081413,40.1771252913221],[-74.0487828825659,40.1770333183103],[-74.0487805740844,40.1764470842252],[-74.0487635070698,40.1762087001363],[-74.0487658431025,40.1758560244702],[-74.0487869191159,40.1754891190504],[-74.0488084647344,40.1750459514158],[-74.0488547588924,40.1746267085225],[-74.0489034153734,40.174142659275],[-74.0489050624194,40.1741263868335]]}},{"type":"Feature","id":179454,"properties":{"OBJECTID":179454,"PRIMENAME":"Tremont Drive","ELEVTYP_F":0,"ELEVTYP_T":0},"geometry":{"type":"LineString","coordinates":[[-74.0421296487704,40.1894709067707],[-74.0422153410515,40.1893595681675],[-74.0422592558611,40.1893286090529],[-74.0423027387578,40.1892979535428],[-74.0423963009829,40.1892459157853],[-74.0424897319184,40.1892081531436],[-74.0425893659966,40.1891847185672],[-74.0426828319732,40.1891469559075],[-74.0427764255916,40.189090168701],[-74.0428532694079,40.1890276608355]]}},{"type":"Feature","id":180201,"properties":{"OBJECTID":180201,"PRIMENAME":"H Street","ELEVTYP_F":0,"ELEVTYP_T":0},"geometry":{"type":"LineString","coordinates":[[-74.0318954031169,40.1764496393133],[-74.031784293028,40.1767493849379],[-74.0316229807889,40.1771776809954],[-74.0315245364037,40.1774308630108]]}},{"type":"Feature","id":181436,"properties":{"OBJECTID":181436,"PRIMENAME":"Ocean Avenue","ELEVTYP_F":0,"ELEVTYP_T":0},"geometry":{"type":"LineString","coordinates":[[-74.0133927332132,40.1778668331148],[-74.0130319407734,40.1788574008465]]}},{"type":"Feature","id":184360,"properties":{"OBJECTID":184360,"PRIMENAME":"Ocean Avenue","ELEVTYP_F":0,"ELEVTYP_T":0},"geometry":{"type":"LineString","coordinates":[[-74.0149634178193,40.173502570538],[-74.014735604399,40.1741542216676],[-74.0147233016944,40.1741881832878]]}},{"type":"Feature","id":185119,"properties":{"OBJECTID":185119,"PRIMENAME":"Woodland Avenue","ELEVTYP_F":0,"ELEVTYP_T":0},"geometry":{"type":"LineString","coordinates":[[-74.0371323586164,40.1741006743516],[-74.0370452398973,40.1740918155258],[-74.0364616207039,40.1740322684334],[-74.0364432916231,40.1740332389349]]}},{"type":"Feature","id":185160,"properties":{"OBJECTID":185160,"PRIMENAME":"4th Avenue","ELEVTYP_F":0,"ELEVTYP_T":0},"geometry":{"type":"LineString","coordinates":[[-74.0369524640205,40.1671690994739],[-74.0361982243912,40.1670870163283],[-74.0361580002344,40.1670821608543]]}},{"type":"Feature","id":185319,"properties":{"OBJECTID":185319,"PRIMENAME":"18th Avenue","ELEVTYP_F":0,"ELEVTYP_T":0},"geometry":{"type":"LineString","coordinates":[[-74.0333137989208,40.1694853931737],[-74.0329757979887,40.169558013839]]}},{"type":"Feature","id":185684,"properties":{"OBJECTID":185684,"PRIMENAME":"7th Avenue","ELEVTYP_F":0,"ELEVTYP_T":0},"geometry":{"type":"LineString","coordinates":[[-74.0245248949615,40.1823943252036],[-74.0244098807645,40.1823707819636],[-74.0240579367014,40.1822987379465],[-74.0225550953025,40.1819766522123]]}},{"type":"Feature","id":185878,"properties":{"OBJECTID":185878,"PRIMENAME":"18th Avenue","ELEVTYP_F":0,"ELEVTYP_T":0},"geometry":{"type":"LineString","coordinates":[[-74.0367400184017,40.1691632408489],[-74.0363334412249,40.1691713316978]]}},{"type":"Feature","id":185904,"properties":{"OBJECTID":185904,"PRIMENAME":"State Highway 138","ELEVTYP_F":0,"ELEVTYP_T":0},"geometry":{"type":"LineString","coordinates":[[-74.0492520678565,40.1733032501581],[-74.0500980978513,40.1731875881791],[-74.0501479800781,40.1731803838294],[-74.0511102724369,40.1730413773936],[-74.0512163371096,40.1730263878651]]}},{"type":"Feature","id":186201,"properties":{"OBJECTID":186201,"PRIMENAME":"5th Avenue","ELEVTYP_F":0,"ELEVTYP_T":0},"geometry":{"type":"LineString","coordinates":[[-74.0345213381611,40.1675428937566],[-74.0350143331921,40.1676017291236],[-74.0351915063232,40.1676220140673]]}},{"type":"Feature","id":186916,"properties":{"OBJECTID":186916,"PRIMENAME":"B Street","ELEVTYP_F":0,"ELEVTYP_T":0},"geometry":{"type":"LineString","coordinates":[[-74.0152979254186,40.1847740656178],[-74.0156619744562,40.1837633825497]]}},{"type":"Feature","id":186938,"properties":{"OBJECTID":186938,"PRIMENAME":"Bayshore Court","ELEVTYP_F":0,"ELEVTYP_T":0},"geometry":{"type":"LineString","coordinates":[[-74.0474456454197,40.1713600715899],[-74.0474004142419,40.17118707977],[-74.0472728540624,40.1707481063439],[-74.0472534017119,40.1706811548833]]}},{"type":"Feature","id":187999,"properties":{"OBJECTID":187999,"PRIMENAME":"Main Street","ELEVTYP_F":0,"ELEVTYP_T":0},"geometry":{"type":"LineString","coordinates":[[-74.0274590445665,40.1698974035584],[-74.0274366047732,40.1707593827716]]}},{"type":"Feature","id":188776,"properties":{"OBJECTID":188776,"PRIMENAME":"A Street","ELEVTYP_F":0,"ELEVTYP_T":0},"geometry":{"type":"LineString","coordinates":[[-74.0185508555438,40.1700006026741],[-74.0183653933409,40.1705148445206],[-74.0182069977506,40.1709510963547]]}},{"type":"Feature","id":189252,"properties":{"OBJECTID":189252,"PRIMENAME":"Melrose Avenue","ELEVTYP_F":0,"ELEVTYP_T":0},"geometry":{"type":"LineString","coordinates":[[-74.0297029129631,40.1723761050283],[-74.0296809951156,40.1723163334621],[-74.0294827848982,40.1717753689239]]}},{"type":"Feature","id":189718,"properties":{"OBJECTID":189718,"PRIMENAME":"Vernon Avenue","ELEVTYP_F":0,"ELEVTYP_T":0},"geometry":{"type":"LineString","coordinates":[[-74.0421298588643,40.1886198482358],[-74.0421766226345,40.1885643867204],[-74.0422650988823,40.1884594052328],[-74.0426278063693,40.1880290312921]]}},{"type":"Feature","id":189793,"properties":{"OBJECTID":189793,"PRIMENAME":"19th Avenue","ELEVTYP_F":0,"ELEVTYP_T":0},"geometry":{"type":"LineString","coordinates":[[-74.0176646956358,40.1698132012798],[-74.0184189388484,40.1699717511452],[-74.0185508555438,40.1700006026741]]}},{"type":"Feature","id":190104,"properties":{"OBJECTID":190104,"PRIMENAME":"River Road","ELEVTYP_F":0,"ELEVTYP_T":0},"geometry":{"type":"LineString","coordinates":[[-74.0407242897479,40.1772111505338],[-74.040960794407,40.1770363221426]]}},{"type":"Feature","id":190214,"properties":{"OBJECTID":190214,"PRIMENAME":"New Bedford Road","ELEVTYP_F":0,"ELEVTYP_T":0},"geometry":{"type":"LineString","coordinates":[[-74.0231437326933,40.1716948577941],[-74.0224279389341,40.1718516004262]]}},{"type":"Feature","id":190293,"properties":{"OBJECTID":190293,"PRIMENAME":"Sommers Street","ELEVTYP_F":0,"ELEVTYP_T":0},"geometry":{"type":"LineString","coordinates":[[-74.0490615141042,40.1720568022627],[-74.0495658333313,40.1725322259571]]}},{"type":"Feature","id":190294,"properties":{"OBJECTID":190294,"PRIMENAME":"Ocean Avenue","ELEVTYP_F":0,"ELEVTYP_T":0},"geometry":{"type":"LineString","coordinates":[[-74.0100814340437,40.1886716595482],[-74.0100222600929,40.1891945464372]]}},{"type":"Feature","id":190480,"properties":{"OBJECTID":190480,"PRIMENAME":"4th Avenue","ELEVTYP_F":0,"ELEVTYP_T":0},"geometry":{"type":"LineString","coordinates":[[-74.0137283664993,40.1833521624372],[-74.0154880690704,40.1837263621408],[-74.0156619744562,40.1837633825497]]}},{"type":"Feature","id":190702,"properties":{"OBJECTID":190702,"PRIMENAME":"4th Avenue","ELEVTYP_F":0,"ELEVTYP_T":0},"geometry":{"type":"LineString","coordinates":[[-74.0176002490388,40.1841759345304],[-74.0192109218123,40.1845187651548],[-74.0194078474942,40.1845606797426]]}},{"type":"Feature","id":190867,"properties":{"OBJECTID":190867,"PRIMENAME":"Fernwood Road","ELEVTYP_F":0,"ELEVTYP_T":0},"geometry":{"type":"LineString","coordinates":[[-74.0269505034075,40.1708650395892],[-74.0269206429705,40.1707847013745],[-74.0261277875838,40.1686510168082],[-74.0260961867389,40.1686059661234]]}},{"type":"Feature","id":191282,"properties":{"OBJECTID":191282,"PRIMENAME":"Pine Tree Way","ELEVTYP_F":0,"ELEVTYP_T":0},"geometry":{"type":"LineString","coordinates":[[-74.0361642382305,40.1757122548213],[-74.03623168858,40.1758138251485],[-74.0364506569834,40.177416101422],[-74.0364949753333,40.1777594369638],[-74.0365805289828,40.1784222411586],[-74.0365983778058,40.1785605638662]]}},{"type":"Feature","id":191714,"properties":{"OBJECTID":191714,"PRIMENAME":"1st Avenue","ELEVTYP_F":0,"ELEVTYP_T":0},"geometry":{"type":"LineString","coordinates":[[-74.0123282774589,40.1888529714583],[-74.0122587152594,40.1893642312599],[-74.0122577694625,40.1893713372044]]}},{"type":"Feature","id":192066,"properties":{"OBJECTID":192066,"PRIMENAME":"Belmar Boulevard","ELEVTYP_F":0,"ELEVTYP_T":0},"geometry":{"type":"LineString","coordinates":[[-74.0502138134472,40.1770665856422],[-74.0499874394928,40.1770836330687],[-74.0493409254796,40.1771287488915],[-74.0491047330732,40.1771421590658],[-74.0489121503212,40.1771365776572],[-74.0488056081413,40.1771252913221]]}},{"type":"Feature","id":192836,"properties":{"OBJECTID":192836,"PRIMENAME":"East Court","ELEVTYP_F":0,"ELEVTYP_T":0},"geometry":{"type":"LineString","coordinates":[[-74.0476709424334,40.1722408402098],[-74.0476169944341,40.1722413634879],[-74.0472753284705,40.1722446746149],[-74.0467162031123,40.1722377377028]]}},{"type":"Feature","id":193295,"properties":{"OBJECTID":193295,"PRIMENAME":"Marietta Road","ELEVTYP_F":0,"ELEVTYP_T":0},"geometry":{"type":"LineString","coordinates":[[-74.0483507759385,40.1706662518278],[-74.0483127108798,40.170666619424],[-74.0476275268935,40.1706732285601],[-74.0472534017119,40.1706811548833]]}},{"type":"Feature","id":193496,"properties":{"OBJECTID":193496,"PRIMENAME":"5th Avenue","ELEVTYP_F":0,"ELEVTYP_T":0},"geometry":{"type":"LineString","coordinates":[[-74.020892083475,40.1885000554225],[-74.0208273067869,40.1889914912355]]}},{"type":"Feature","id":193660,"properties":{"OBJECTID":193660,"PRIMENAME":"Twenty Second Avenue","ELEVTYP_F":0,"ELEVTYP_T":0},"geometry":{"type":"LineString","coordinates":[[-74.0301362910533,40.1667511238998],[-74.0277277885544,40.1672753905784],[-74.0275312502849,40.1673181563872]]}},{"type":"Feature","id":193739,"properties":{"OBJECTID":193739,"PRIMENAME":"13th Avenue","ELEVTYP_F":0,"ELEVTYP_T":0},"geometry":{"type":"LineString","coordinates":[[-74.0299511737013,40.1770953829326],[-74.0289484444873,40.1768853857036],[-74.0288213622354,40.1768586786906]]}},{"type":"Feature","id":193745,"properties":{"OBJECTID":193745,"PRIMENAME":"East Railroad Avenue","ELEVTYP_F":0,"ELEVTYP_T":0},"geometry":{"type":"LineString","coordinates":[[-74.0285493293603,40.1768015122196],[-74.0289145721291,40.1758215099581]]}},{"type":"Feature","id":193861,"properties":{"OBJECTID":193861,"PRIMENAME":"Ocean Avenue","ELEVTYP_F":0,"ELEVTYP_T":0},"geometry":{"type":"LineString","coordinates":[[-74.0172258996453,40.1672837310562],[-74.0171431510417,40.1675103678127],[-74.0167481885073,40.1685921524751]]}},{"type":"Feature","id":194310,"properties":{"OBJECTID":194310,"PRIMENAME":"Marconi Road","ELEVTYP_F":0,"ELEVTYP_T":0},"geometry":{"type":"LineString","coordinates":[[-74.0491290887453,40.1784099928909],[-74.0490973694438,40.1783356922569],[-74.0490667516017,40.1782092457685],[-74.0489945632782,40.1779111203944],[-74.0489700592886,40.1778087079537],[-74.0488313341804,40.1772289154793],[-74.0488056081413,40.1771252913221]]}},{"type":"Feature","id":194336,"properties":{"OBJECTID":194336,"PRIMENAME":"D Street","ELEVTYP_F":0,"ELEVTYP_T":0},"geometry":{"type":"LineString","coordinates":[[-74.0213458833079,40.1795541485471],[-74.0217100316634,40.1785482499742]]}},{"type":"Feature","id":194338,"properties":{"OBJECTID":194338,"PRIMENAME":"6th Avenue","ELEVTYP_F":0,"ELEVTYP_T":0},"geometry":{"type":"LineString","coordinates":[[-74.0367196660445,40.1685353700727],[-74.0366356639864,40.168537642293],[-74.0359012100848,40.1685536149351]]}},{"type":"Feature","id":194357,"properties":{"OBJECTID":194357,"PRIMENAME":"L Street","ELEVTYP_F":0,"ELEVTYP_T":0},"geometry":{"type":"LineString","coordinates":[[-74.0343480390711,40.178312861719],[-74.0343638764264,40.1781846113245],[-74.034417452679,40.1777511011083],[-74.0344655977431,40.1773615490751]]}},{"type":"Feature","id":196139,"properties":{"OBJECTID":196139,"PRIMENAME":"17th Avenue","ELEVTYP_F":0,"ELEVTYP_T":0},"geometry":{"type":"LineString","coordinates":[[-74.0408993805072,40.1717609694782],[-74.0411743205097,40.1717251630637],[-74.0419421935739,40.1716296485578]]}},{"type":"Feature","id":196293,"properties":{"OBJECTID":196293,"PRIMENAME":"Morris Landing Road","ELEVTYP_F":0,"ELEVTYP_T":0},"geometry":{"type":"LineString","coordinates":[[-74.0442145424173,40.1713509385751],[-74.0442082973533,40.1714178163953],[-74.0441882183338,40.171632225841],[-74.0441808478594,40.1718085253611],[-74.0441605135158,40.1720610658066]]}},{"type":"Feature","id":196779,"properties":{"OBJECTID":196779,"PRIMENAME":"Campmeeting Street","ELEVTYP_F":0,"ELEVTYP_T":0},"geometry":{"type":"LineString","coordinates":[[-74.0343853638897,40.1692596263158],[-74.0343635086539,40.1692005421678],[-74.0342963981172,40.1690191664796],[-74.034297049714,40.1689238259513],[-74.0343440431956,40.1685718513602]]}},{"type":"Feature","id":197202,"properties":{"OBJECTID":197202,"PRIMENAME":"Ocean Avenue","ELEVTYP_F":0,"ELEVTYP_T":0},"geometry":{"type":"LineString","coordinates":[[-74.0176467953423,40.1660832602047],[-74.0174081862472,40.1667861544798],[-74.0173425913907,40.1669652061866],[-74.0172258996453,40.1672837310562]]}},{"type":"Feature","id":197353,"properties":{"OBJECTID":197353,"PRIMENAME":"Newman Street","ELEVTYP_F":0,"ELEVTYP_T":0},"geometry":{"type":"LineString","coordinates":[[-74.0234303537774,40.1737472823399],[-74.0234269010575,40.1737225490267],[-74.0234093152184,40.1735966132244],[-74.023338666575,40.1730907800337]]}},{"type":"Feature","id":197790,"properties":{"OBJECTID":197790,"PRIMENAME":"10th Avenue","ELEVTYP_F":0,"ELEVTYP_T":0},"geometry":{"type":"LineString","coordinates":[[-74.0256133163754,40.1793809720025],[-74.0257149958955,40.1794891951106],[-74.026641688512,40.1796903998464],[-74.02687380683,40.1797378055643],[-74.0274674304404,40.1798590382248],[-74.0274718092675,40.1798598730106],[-74.0277824400151,40.1799190998675]]}},{"type":"Feature","id":198160,"properties":{"OBJECTID":198160,"PRIMENAME":"Ocean Avenue","ELEVTYP_F":0,"ELEVTYP_T":0},"geometry":{"type":"LineString","coordinates":[[-74.0105370284331,40.1859244786482],[-74.0103469986693,40.1865514080907],[-74.0102765071487,40.1868418605717],[-74.0102437470256,40.1870548055792],[-74.0102210850833,40.1872021133411],[-74.010217891796,40.1872228748097],[-74.0101901490244,40.18750297285]]}},{"type":"Feature","id":198460,"properties":{"OBJECTID":198460,"PRIMENAME":"Main Street","ELEVTYP_F":0,"ELEVTYP_T":0},"geometry":{"type":"LineString","coordinates":[[-74.0259778993055,40.1783702565362],[-74.0256691175237,40.1792262850978],[-74.0256454962989,40.1792917657081],[-74.0256133163754,40.1793809720025]]}},{"type":"Feature","id":199683,"properties":{"OBJECTID":199683,"PRIMENAME":"South Riverside Drive","ELEVTYP_F":0,"ELEVTYP_T":0},"geometry":{"type":"LineString","coordinates":[[-74.0401042166737,40.1862357907584],[-74.0397605357477,40.1866093467522],[-74.0394224857361,40.1869702128563],[-74.0391719336251,40.1872647429167],[-74.038952740607,40.187516490004],[-74.0388833931137,40.1876451041433]]}},{"type":"Feature","id":199768,"properties":{"OBJECTID":199768,"PRIMENAME":"18th Avenue","ELEVTYP_F":0,"ELEVTYP_T":0},"geometry":{"type":"LineString","coordinates":[[-74.0173203467718,40.1707656114388],[-74.0162156218648,40.170534515287],[-74.0160528945594,40.1705004254761]]}},{"type":"Feature","id":200290,"properties":{"OBJECTID":200290,"PRIMENAME":"C Street","ELEVTYP_F":0,"ELEVTYP_T":0},"geometry":{"type":"LineString","coordinates":[[-74.0190536726258,40.1801509414403],[-74.0190807205656,40.1800762183745],[-74.0194186956638,40.1791428301032]]}},{"type":"Feature","id":201738,"properties":{"OBJECTID":201738,"PRIMENAME":"Surf Avenue","ELEVTYP_F":0,"ELEVTYP_T":0},"geometry":{"type":"LineString","coordinates":[[-74.0176551746083,40.1687872800039],[-74.0176759805894,40.1687294692695],[-74.0179928593726,40.167849061571],[-74.0180301639869,40.1677453632223]]}},{"type":"Feature","id":202731,"properties":{"OBJECTID":202731,"PRIMENAME":"D Street","ELEVTYP_F":0,"ELEVTYP_T":0},"geometry":{"type":"LineString","coordinates":[[-74.0220729284043,40.1775508274744],[-74.0224253302588,40.1765836951692]]}},{"type":"Feature","id":202830,"properties":{"OBJECTID":202830,"PRIMENAME":"17th Avenue","ELEVTYP_F":0,"ELEVTYP_T":0},"geometry":{"type":"LineString","coordinates":[[-74.0244257837929,40.1733056209743],[-74.0244731808936,40.173303619799],[-74.0245359706636,40.1733009675797],[-74.0248344780871,40.1732593117789],[-74.0251826244302,40.1732226080634],[-74.025292878888,40.1732183388148]]}},{"type":"Feature","id":203506,"properties":{"OBJECTID":203506,"PRIMENAME":"State Highway 35","ELEVTYP_F":0,"ELEVTYP_T":0},"geometry":{"type":"LineString","coordinates":[[-74.0422914854391,40.1754204938504],[-74.0423531515778,40.1753561518071],[-74.0423949949952,40.1753124929113],[-74.042540370502,40.175173662273],[-74.0427467646457,40.1749707235103],[-74.0429627115551,40.1747574723892]]}},{"type":"Feature","id":203770,"properties":{"OBJECTID":203770,"PRIMENAME":"North Lake Drive","ELEVTYP_F":0,"ELEVTYP_T":0},"geometry":{"type":"LineString","coordinates":[[-74.0153402468374,40.1826094084981],[-74.0155325420088,40.1825464130389],[-74.0157815915606,40.1824648773477],[-74.0159890865436,40.1824085610665],[-74.0161633476992,40.1823648167717],[-74.0161651392071,40.1823645495524]]}},{"type":"Feature","id":204461,"properties":{"OBJECTID":204461,"PRIMENAME":"Main Street","ELEVTYP_F":0,"ELEVTYP_T":0},"geometry":{"type":"LineString","coordinates":[[-74.0273031234362,40.1746587439313],[-74.0272909423355,40.1747432489197],[-74.0270424611572,40.1754188880254]]}},{"type":"Feature","id":205827,"properties":{"OBJECTID":205827,"PRIMENAME":"State Highway 35","ELEVTYP_F":0,"ELEVTYP_T":0},"geometry":{"type":"LineString","coordinates":[[-74.0416170222941,40.1763242730941],[-74.0416193279051,40.1763210289743],[-74.041760450448,40.176117833583],[-74.0419392609837,40.1758611724754],[-74.042071003886,40.1756794072338],[-74.0421884784824,40.1755333297194],[-74.0422914854391,40.1754204938504]]}},{"type":"Feature","id":207072,"properties":{"OBJECTID":207072,"PRIMENAME":"Marconi Road","ELEVTYP_F":0,"ELEVTYP_T":0},"geometry":{"type":"LineString","coordinates":[[-74.0489050624194,40.1741263868335],[-74.048914603301,40.1740311898895],[-74.0489316323532,40.1738321414855]]}},{"type":"Feature","id":207083,"properties":{"OBJECTID":207083,"PRIMENAME":"Margerum Avenue","ELEVTYP_F":0,"ELEVTYP_T":0},"geometry":{"type":"LineString","coordinates":[[-74.0303551704224,40.1692760994149],[-74.0302781819201,40.1684268389142]]}},{"type":"Feature","id":207566,"properties":{"OBJECTID":207566,"PRIMENAME":"13th Avenue","ELEVTYP_F":0,"ELEVTYP_T":0},"geometry":{"type":"LineString","coordinates":[[-74.0285493293603,40.1768015122196],[-74.0266840632234,40.1764094548194]]}},{"type":"Feature","id":207626,"properties":{"OBJECTID":207626,"PRIMENAME":"H Street","ELEVTYP_F":0,"ELEVTYP_T":0},"geometry":{"type":"LineString","coordinates":[[-74.0322982129227,40.1746402665165],[-74.0322533519792,40.1748726934343]]}},{"type":"Feature","id":207874,"properties":{"OBJECTID":207874,"PRIMENAME":"North Lake Drive","ELEVTYP_F":0,"ELEVTYP_T":0},"geometry":{"type":"LineString","coordinates":[[-74.0183907296626,40.181970878339],[-74.0184275655127,40.1819549445863],[-74.0193668531674,40.1814887487726],[-74.0196002753137,40.1813432846982]]}},{"type":"Feature","id":208289,"properties":{"OBJECTID":208289,"PRIMENAME":"Schooner Circle","ELEVTYP_F":0,"ELEVTYP_T":0},"geometry":{"type":"LineString","coordinates":[[-74.0290276744284,40.1845213973904],[-74.0289655834135,40.1844784284111],[-74.028851091485,40.1843992001955],[-74.0287856387661,40.1843611315278],[-74.0286340975118,40.18429276216],[-74.0285317223311,40.184241941652],[-74.0284970649956,40.1842071280766],[-74.0284809311798,40.1841645378392],[-74.0284853961846,40.1841141253591],[-74.0285123671864,40.1840701191783],[-74.0285682265015,40.1840152216627],[-74.0286735241503,40.183938453427],[-74.0287409489471,40.1838932392463]]}},{"type":"Feature","id":209195,"properties":{"OBJECTID":209195,"PRIMENAME":"FR RT 138 EB to RT 35 SB","ELEVTYP_F":0,"ELEVTYP_T":0},"geometry":{"type":"LineString","coordinates":[[-74.047265350662,40.1733854339853],[-74.0461962197558,40.1734625355455],[-74.0460533424912,40.1734659686873],[-74.0459104032046,40.1734671330247],[-74.0457674631187,40.1734660280591],[-74.0456245834565,40.1734626542637],[-74.0454194744818,40.1734490856256],[-74.0451774564778,40.173429932443],[-74.0450392559225,40.1734126974655],[-74.0449015954153,40.1733930836002],[-74.0447645445389,40.1733711007614],[-74.0446281725679,40.1733467600607],[-74.0445439981006,40.1733286257782],[-74.0444622912899,40.1733047568989],[-74.0443837145706,40.1732753469398],[-74.0443089049978,40.1732406343417],[-74.0442821784394,40.1732226113742],[-74.0442576820482,40.1732028111461],[-74.0442356158727,40.1731813953566],[-74.0442161601148,40.1731585388986],[-74.0441994736576,40.1731344284296],[-74.0441856927682,40.1731092608483],[-74.044174929985,40.1730832416856],[-74.0441672731987,40.173056583427],[-74.0441625010941,40.1730202722676],[-74.0441615855862,40.172983783805],[-74.0441645327064,40.1729473586748],[-74.044171323013,40.1729112370945],[-74.0442081159325,40.1727963971265],[-74.0442522027085,40.1726830786789],[-74.0443034773146,40.1725715541834],[-74.0443618164461,40.1724620917581]]}},{"type":"Feature","id":209427,"properties":{"OBJECTID":209427,"PRIMENAME":"Glenn Street","ELEVTYP_F":0,"ELEVTYP_T":0},"geometry":{"type":"LineString","coordinates":[[-74.036478556624,40.1714851354308],[-74.0353045410331,40.1715063446138],[-74.0352260509704,40.1715077867856]]}},{"type":"Feature","id":210310,"properties":{"OBJECTID":210310,"PRIMENAME":"14th Avenue","ELEVTYP_F":0,"ELEVTYP_T":0},"geometry":{"type":"LineString","coordinates":[[-74.0322985495427,40.1764376548431],[-74.0327118122673,40.1764253747474]]}},{"type":"Feature","id":211732,"properties":{"OBJECTID":211732,"PRIMENAME":"Wildwood Place","ELEVTYP_F":0,"ELEVTYP_T":0},"geometry":{"type":"LineString","coordinates":[[-74.0220677511772,40.1710700720041],[-74.0221408342449,40.1710843747014],[-74.0223641921637,40.1711282325691],[-74.0224386997597,40.1711332891893],[-74.0224883694218,40.1711334940503],[-74.0225879167849,40.1711196288177],[-74.0229799010206,40.1710354548651]]}},{"type":"Feature","id":211760,"properties":{"OBJECTID":211760,"PRIMENAME":"12th Avenue","ELEVTYP_F":0,"ELEVTYP_T":0},"geometry":{"type":"LineString","coordinates":[[-74.028198604352,40.177792031873],[-74.0284733468012,40.1778513240892]]}},{"type":"Feature","id":212198,"properties":{"OBJECTID":212198,"PRIMENAME":"North Boulevard","ELEVTYP_F":0,"ELEVTYP_T":0},"geometry":{"type":"LineString","coordinates":[[-74.0254487483513,40.1680060337849],[-74.0253804533977,40.1680188488178],[-74.0252685631591,40.168027915681],[-74.0251255789706,40.168041632111],[-74.0249889213453,40.1680410715423],[-74.0248831874426,40.1680548864485],[-74.02475255703,40.1680829829082],[-74.0246217893489,40.168125355314],[-74.0245096327696,40.1681725523815],[-74.0245089874721,40.1681728280411],[-74.0244099268451,40.1682150241837],[-74.0243163786987,40.1682670746966],[-74.0242102792023,40.1683333484117],[-74.0241290161792,40.1684045292299],[-74.0239541983933,40.1685695976001]]}},{"type":"Feature","id":212219,"properties":{"OBJECTID":212219,"PRIMENAME":"Ocean Avenue","ELEVTYP_F":0,"ELEVTYP_T":0},"geometry":{"type":"LineString","coordinates":[[-74.0122922378269,40.1808949825056],[-74.011932252218,40.1818882129377]]}},{"type":"Feature","id":212559,"properties":{"OBJECTID":212559,"PRIMENAME":"18th Avenue","ELEVTYP_F":0,"ELEVTYP_T":0},"geometry":{"type":"LineString","coordinates":[[-74.0442799708521,40.1689632364104],[-74.0441300190772,40.16899137236],[-74.0439994223124,40.1690099101521],[-74.0437694843231,40.1690233071157],[-74.0434090713351,40.1690314128667],[-74.0433247522452,40.1690327546852]]}},{"type":"Feature","id":212710,"properties":{"OBJECTID":212710,"PRIMENAME":"Sylvan Drive","ELEVTYP_F":0,"ELEVTYP_T":0},"geometry":{"type":"LineString","coordinates":[[-74.0453620178212,40.1898372087272],[-74.0455821534155,40.189573967861],[-74.0458014491102,40.1893117329239],[-74.0462900912891,40.1887273972499],[-74.0464243134844,40.1885679289247]]}},{"type":"Feature","id":212784,"properties":{"OBJECTID":212784,"PRIMENAME":"7th Avenue","ELEVTYP_F":0,"ELEVTYP_T":0},"geometry":{"type":"LineString","coordinates":[[-74.0206267364032,40.1815633171659],[-74.019795403132,40.1813851083121],[-74.0196002753137,40.1813432846982]]}},{"type":"Feature","id":212852,"properties":{"OBJECTID":212852,"PRIMENAME":"18th Avenue","ELEVTYP_F":0,"ELEVTYP_T":0},"geometry":{"type":"LineString","coordinates":[[-74.0407075698018,40.1690843627222],[-74.0400910317579,40.1690993209905],[-74.0398172405879,40.1691041902122]]}},{"type":"Feature","id":212857,"properties":{"OBJECTID":212857,"PRIMENAME":"Maplewood Road","ELEVTYP_F":0,"ELEVTYP_T":0},"geometry":{"type":"LineString","coordinates":[[-74.0377743484201,40.1786489413061],[-74.0377602638226,40.1785461295004],[-74.037653334236,40.1777640685768],[-74.0375411895899,40.1769438555368],[-74.0374171159044,40.1760044502667],[-74.0374064948682,40.1759241358295]]}},{"type":"Feature","id":212866,"properties":{"OBJECTID":212866,"PRIMENAME":"8th Avenue","ELEVTYP_F":0,"ELEVTYP_T":0},"geometry":{"type":"LineString","coordinates":[[-74.0171190127855,40.1797379613136],[-74.0180138288362,40.1799289722002]]}},{"type":"Feature","id":212947,"properties":{"OBJECTID":212947,"PRIMENAME":"Main Street","ELEVTYP_F":0,"ELEVTYP_T":0},"geometry":{"type":"LineString","coordinates":[[-74.0256133163754,40.1793809720025],[-74.0253011546961,40.1802460049467]]}},{"type":"Feature","id":213253,"properties":{"OBJECTID":213253,"PRIMENAME":"D Street","ELEVTYP_F":0,"ELEVTYP_T":0},"geometry":{"type":"LineString","coordinates":[[-74.0202548469511,40.1825762905173],[-74.0203417255999,40.1823358357607],[-74.0206267364032,40.1815633171659]]}},{"type":"Feature","id":213311,"properties":{"OBJECTID":213311,"PRIMENAME":"Main Street","ELEVTYP_F":0,"ELEVTYP_T":0},"geometry":{"type":"LineString","coordinates":[[-74.0273620733767,40.173476486517],[-74.0273615991329,40.1735138753228],[-74.0273170350217,40.1745622498788],[-74.0273150589645,40.1745759519274]]}},{"type":"Feature","id":214326,"properties":{"OBJECTID":214326,"PRIMENAME":"D Street","ELEVTYP_F":0,"ELEVTYP_T":0},"geometry":{"type":"LineString","coordinates":[[-74.0224253302588,40.1765836951692],[-74.0227432369818,40.175711378748],[-74.0227823027336,40.1756012626315]]}},{"type":"Feature","id":214807,"properties":{"OBJECTID":214807,"PRIMENAME":"1st Avenue","ELEVTYP_F":0,"ELEVTYP_T":0},"geometry":{"type":"LineString","coordinates":[[-74.0126404601934,40.186370975489],[-74.0135823636755,40.1865708508267]]}},{"type":"Feature","id":215011,"properties":{"OBJECTID":215011,"PRIMENAME":"Ocean Avenue","ELEVTYP_F":0,"ELEVTYP_T":0},"geometry":{"type":"LineString","coordinates":[[-74.0164000554538,40.1695473174795],[-74.0160528945594,40.1705004254761]]}},{"type":"Feature","id":215292,"properties":{"OBJECTID":215292,"PRIMENAME":"Ocean Avenue","ELEVTYP_F":0,"ELEVTYP_T":0},"geometry":{"type":"LineString","coordinates":[[-74.01084948606,40.1849162832333],[-74.0107291037485,40.1852661806262],[-74.0105634250857,40.1858374282668],[-74.0105370284331,40.1859244786482]]}},{"type":"Feature","id":216114,"properties":{"OBJECTID":216114,"PRIMENAME":"8th Avenue","ELEVTYP_F":0,"ELEVTYP_T":0},"geometry":{"type":"LineString","coordinates":[[-74.0269956111449,40.1819083757897],[-74.0271199434445,40.1819407009933],[-74.0275020822866,40.1820541720767]]}},{"type":"Feature","id":216182,"properties":{"OBJECTID":216182,"PRIMENAME":"Curtis Avenue","ELEVTYP_F":0,"ELEVTYP_T":0},"geometry":{"type":"LineString","coordinates":[[-74.0441605135158,40.1720610658066],[-74.0441408521392,40.1722182648688],[-74.0441216624523,40.1722944254377],[-74.0440777349713,40.1723609900376],[-74.0440153555794,40.1723988764049],[-74.043934298713,40.1724414384455],[-74.0438534342477,40.1724554226613],[-74.0437476341669,40.1724788350357],[-74.0432066986537,40.1725342978086]]}},{"type":"Feature","id":217488,"properties":{"OBJECTID":217488,"PRIMENAME":"M Street","ELEVTYP_F":0,"ELEVTYP_T":0},"geometry":{"type":"LineString","coordinates":[[-74.0414372021108,40.1760490479437],[-74.0416076663635,40.1756446034924],[-74.0416838518603,40.1754066154574],[-74.0417911959833,40.1751544199933],[-74.0419735285422,40.1748310622081],[-74.0421370265919,40.1745409844431],[-74.0421625398493,40.1744457422591],[-74.0421700120151,40.1742551396898],[-74.0421529044116,40.1740263088074],[-74.0421233143759,40.1738069541219],[-74.0420965435576,40.1733334265704]]}},{"type":"Feature","id":218542,"properties":{"OBJECTID":218542,"PRIMENAME":"7th Avenue","ELEVTYP_F":0,"ELEVTYP_T":0},"geometry":{"type":"LineString","coordinates":[[-74.0148318917879,40.1803326057845],[-74.0128464134421,40.1799119566852],[-74.0126626907977,40.179872996595]]}},{"type":"Feature","id":218578,"properties":{"OBJECTID":218578,"PRIMENAME":"13th Avenue","ELEVTYP_F":0,"ELEVTYP_T":0},"geometry":{"type":"LineString","coordinates":[[-74.0147233016944,40.1741881832878],[-74.0148753517128,40.1742202271147],[-74.0156705963244,40.1743876509618],[-74.016792371001,40.1746238095742],[-74.0168757736394,40.1746418091055]]}},{"type":"Feature","id":218911,"properties":{"OBJECTID":218911,"PRIMENAME":"14th Avenue","ELEVTYP_F":0,"ELEVTYP_T":0},"geometry":{"type":"LineString","coordinates":[[-74.0190582267409,40.1743706587064],[-74.017125361219,40.1739600466833]]}},{"type":"Feature","id":218962,"properties":{"OBJECTID":218962,"PRIMENAME":"18th Avenue","ELEVTYP_F":0,"ELEVTYP_T":0},"geometry":{"type":"LineString","coordinates":[[-74.033711347739,40.1694015925467],[-74.0335622911789,40.1694329869663],[-74.0333289584462,40.1694821325736],[-74.0333137989208,40.1694853931737]]}},{"type":"Feature","id":219085,"properties":{"OBJECTID":219085,"PRIMENAME":"B Street","ELEVTYP_F":0,"ELEVTYP_T":0},"geometry":{"type":"LineString","coordinates":[[-74.0203341935909,40.1692039139959],[-74.0203497003561,40.1692886699259],[-74.0204753400052,40.1699755090324],[-74.0204838728753,40.1700292689303]]}},{"type":"Feature","id":219136,"properties":{"OBJECTID":219136,"PRIMENAME":"5th Avenue","ELEVTYP_F":0,"ELEVTYP_T":0},"geometry":{"type":"LineString","coordinates":[[-74.0179611553609,40.1831691290959],[-74.0160246671183,40.1827556295775]]}},{"type":"Feature","id":219246,"properties":{"OBJECTID":219246,"PRIMENAME":"B Street","ELEVTYP_F":0,"ELEVTYP_T":0},"geometry":{"type":"LineString","coordinates":[[-74.0182142605389,40.1767256113321],[-74.0179370285823,40.177495411744],[-74.0178675253957,40.1776833647331],[-74.0178498583325,40.1777311414284]]}},{"type":"Feature","id":219679,"properties":{"OBJECTID":219679,"PRIMENAME":"Rosewood Drive","ELEVTYP_F":0,"ELEVTYP_T":0},"geometry":{"type":"LineString","coordinates":[[-74.0395850460328,40.1757983161447],[-74.0395987004651,40.1758989131047],[-74.0396206887179,40.1760609189853]]}},{"type":"Feature","id":220200,"properties":{"OBJECTID":220200,"PRIMENAME":"Newman Street","ELEVTYP_F":0,"ELEVTYP_T":0},"geometry":{"type":"LineString","coordinates":[[-74.0232454928502,40.172423460625],[-74.023154909986,40.1717749011535],[-74.0231437326933,40.1716948577941]]}},{"type":"Feature","id":221435,"properties":{"OBJECTID":221435,"PRIMENAME":"River Avenue","ELEVTYP_F":0,"ELEVTYP_T":0},"geometry":{"type":"LineString","coordinates":[[-74.0183631846509,40.1854255717454],[-74.0184898919253,40.1854260988077],[-74.0185459015969,40.1854120290137],[-74.0186083743414,40.1853646313383],[-74.0189964426961,40.1849706512569],[-74.0191529613727,40.18480924823],[-74.0193094115336,40.1846526218866],[-74.0194078474942,40.1845606797426]]}},{"type":"Feature","id":221577,"properties":{"OBJECTID":221577,"PRIMENAME":"17th Avenue","ELEVTYP_F":0,"ELEVTYP_T":0},"geometry":{"type":"LineString","coordinates":[[-74.023338666575,40.1730907800337],[-74.0243308825459,40.1733096507477],[-74.0244257837929,40.1733056209743]]}},{"type":"Feature","id":222021,"properties":{"OBJECTID":222021,"PRIMENAME":"17th Avenue","ELEVTYP_F":0,"ELEVTYP_T":0},"geometry":{"type":"LineString","coordinates":[[-74.017858381767,40.1719099408293],[-74.0169745155199,40.171723861418]]}},{"type":"Feature","id":222231,"properties":{"OBJECTID":222231,"PRIMENAME":"Gary Drive","ELEVTYP_F":0,"ELEVTYP_T":0},"geometry":{"type":"LineString","coordinates":[[-74.0277064573635,40.1861177124782],[-74.0265981197884,40.1858814579602]]}},{"type":"Feature","id":222432,"properties":{"OBJECTID":222432,"PRIMENAME":"12th Avenue","ELEVTYP_F":0,"ELEVTYP_T":0},"geometry":{"type":"LineString","coordinates":[[-74.0144692325283,40.1748876839269],[-74.0145970180178,40.174914904108],[-74.0151302230853,40.1750284521642],[-74.0154610623457,40.1750989047592],[-74.016620832991,40.1753458682377]]}},{"type":"Feature","id":222908,"properties":{"OBJECTID":222908,"PRIMENAME":"South Lake Drive","ELEVTYP_F":0,"ELEVTYP_T":0},"geometry":{"type":"LineString","coordinates":[[-74.0201766116821,40.1803906234124],[-74.0205362278952,40.1803062688699],[-74.021015474433,40.1801938567519],[-74.0211254267228,40.1801680676758]]}},{"type":"Feature","id":223394,"properties":{"OBJECTID":223394,"PRIMENAME":"L Street","ELEVTYP_F":0,"ELEVTYP_T":0},"geometry":{"type":"LineString","coordinates":[[-74.0345882263714,40.1763695441027],[-74.0346730070988,40.1756836495688],[-74.0346858491503,40.1756217408601],[-74.0346163192158,40.1755420405373]]}},{"type":"Feature","id":224055,"properties":{"OBJECTID":224055,"PRIMENAME":"Inlet Terrace","ELEVTYP_F":0,"ELEVTYP_T":0},"geometry":{"type":"LineString","coordinates":[[-74.0141504830915,40.1865613646146],[-74.0145075491763,40.1861624933251],[-74.0146255877988,40.1860318336801],[-74.0147248515643,40.1859219584657]]}},{"type":"Feature","id":224706,"properties":{"OBJECTID":224706,"PRIMENAME":"Ellsworth Street","ELEVTYP_F":0,"ELEVTYP_T":0},"geometry":{"type":"LineString","coordinates":[[-74.0400461342174,40.1728666188701],[-74.040036194765,40.1728120856469],[-74.0398804530258,40.1719583461106],[-74.0398689275409,40.1718951312275]]}},{"type":"Feature","id":226099,"properties":{"OBJECTID":226099,"PRIMENAME":"H Street","ELEVTYP_F":0,"ELEVTYP_T":0},"geometry":{"type":"LineString","coordinates":[[-74.0326546947135,40.1728098414187],[-74.0326115980272,40.1730248961899],[-74.0324850317391,40.1736905527723]]}},{"type":"Feature","id":226889,"properties":{"OBJECTID":226889,"PRIMENAME":"Elizabeth Court","ELEVTYP_F":0,"ELEVTYP_T":0},"geometry":{"type":"LineString","coordinates":[[-74.0483869292963,40.1713052199542],[-74.0484620170038,40.171300843696],[-74.0483507759385,40.1706662518278]]}},{"type":"Feature","id":227253,"properties":{"OBJECTID":227253,"PRIMENAME":"8th Avenue","ELEVTYP_F":0,"ELEVTYP_T":0},"geometry":{"type":"LineString","coordinates":[[-74.0180138288362,40.1799289722002],[-74.0190536726258,40.1801509414403]]}},{"type":"Feature","id":227268,"properties":{"OBJECTID":227268,"PRIMENAME":"17th Avenue","ELEVTYP_F":0,"ELEVTYP_T":0},"geometry":{"type":"LineString","coordinates":[[-74.0273663111846,40.173128622376],[-74.0273620733767,40.173476486517]]}},{"type":"Feature","id":227424,"properties":{"OBJECTID":227424,"PRIMENAME":"B Street","ELEVTYP_F":0,"ELEVTYP_T":0},"geometry":{"type":"LineString","coordinates":[[-74.0156619744562,40.1837633825497],[-74.0158773304174,40.1831655957974],[-74.0160246671183,40.1827556295775]]}},{"type":"Feature","id":227523,"properties":{"OBJECTID":227523,"PRIMENAME":"15th Avenue","ELEVTYP_F":0,"ELEVTYP_T":0},"geometry":{"type":"LineString","coordinates":[[-74.0212392408298,40.1741033313844],[-74.0230438049251,40.1744877048998],[-74.0231673941657,40.1745164628179]]}},{"type":"Feature","id":228332,"properties":{"OBJECTID":228332,"PRIMENAME":"5th Avenue","ELEVTYP_F":0,"ELEVTYP_T":0},"geometry":{"type":"LineString","coordinates":[[-74.0381606315882,40.1678210961341],[-74.0382683106455,40.1678101599271],[-74.039445024679,40.1677930492093]]}},{"type":"Feature","id":228385,"properties":{"OBJECTID":228385,"PRIMENAME":"Cottage Place","ELEVTYP_F":0,"ELEVTYP_T":0},"geometry":{"type":"LineString","coordinates":[[-74.0381412766977,40.1672291647152],[-74.0381606315882,40.1678210961341]]}},{"type":"Feature","id":228882,"properties":{"OBJECTID":228882,"PRIMENAME":"Third Avenue Bridge","ELEVTYP_F":0,"ELEVTYP_T":0},"geometry":{"type":"LineString","coordinates":[[-74.0275449824842,40.1669118017941],[-74.0275437057805,40.1669410065022],[-74.0275312502849,40.1673181563872]]}},{"type":"Feature","id":229075,"properties":{"OBJECTID":229075,"PRIMENAME":"Vernon Avenue","ELEVTYP_F":0,"ELEVTYP_T":0},"geometry":{"type":"LineString","coordinates":[[-74.0431138997198,40.1874430515186],[-74.0435938265189,40.1868626466262]]}},{"type":"Feature","id":229167,"properties":{"OBJECTID":229167,"PRIMENAME":"Glenn Street","ELEVTYP_F":0,"ELEVTYP_T":0},"geometry":{"type":"LineString","coordinates":[[-74.0389553515445,40.1714312241416],[-74.037719594635,40.1714594597045]]}},{"type":"Feature","id":229307,"properties":{"OBJECTID":229307,"PRIMENAME":"6th Avenue","ELEVTYP_F":0,"ELEVTYP_T":0},"geometry":{"type":"LineString","coordinates":[[-74.013949268662,40.1812320146735],[-74.0145187982462,40.1811900955292]]}},{"type":"Feature","id":229850,"properties":{"OBJECTID":229850,"PRIMENAME":"Curtis Avenue","ELEVTYP_F":0,"ELEVTYP_T":0},"geometry":{"type":"LineString","coordinates":[[-74.0432066986537,40.1725342978086],[-74.0430761646801,40.1725476738973],[-74.0423715280166,40.1726204389299],[-74.0420322450199,40.172655473996]]}},{"type":"Feature","id":230265,"properties":{"OBJECTID":230265,"PRIMENAME":"Main Street","ELEVTYP_F":0,"ELEVTYP_T":0},"geometry":{"type":"LineString","coordinates":[[-74.0275086905866,40.168058547486],[-74.0274872420663,40.1688138492511],[-74.0274814345373,40.1690372631943]]}},{"type":"Feature","id":230786,"properties":{"OBJECTID":230786,"PRIMENAME":"Pascal Place","ELEVTYP_F":0,"ELEVTYP_T":0},"geometry":{"type":"LineString","coordinates":[[-74.0502456671972,40.1717157061189],[-74.05033728691,40.1714654184176],[-74.0503628453389,40.1713558987737],[-74.0503631913507,40.1713034662053],[-74.0503139302958,40.1712413135978],[-74.0502522740597,40.1711648100426],[-74.0502032018549,40.1710740804843],[-74.0501948222752,40.1710098907812]]}},{"type":"Feature","id":230813,"properties":{"OBJECTID":230813,"PRIMENAME":"10th Avenue","ELEVTYP_F":0,"ELEVTYP_T":0},"geometry":{"type":"LineString","coordinates":[[-74.0288605457629,40.1801298534487],[-74.0290402457225,40.1801761669422]]}},{"type":"Feature","id":231411,"properties":{"OBJECTID":231411,"PRIMENAME":"K Street","ELEVTYP_F":0,"ELEVTYP_T":0},"geometry":{"type":"LineString","coordinates":[[-74.0378584172475,40.1721548422317],[-74.0381025323492,40.173018848075],[-74.0381186774575,40.1730760416005]]}},{"type":"Feature","id":231952,"properties":{"OBJECTID":231952,"PRIMENAME":"People Street","ELEVTYP_F":0,"ELEVTYP_T":0},"geometry":{"type":"LineString","coordinates":[[-74.0369524640205,40.1671690994739],[-74.0370458238647,40.1666900106884],[-74.0370588385491,40.166623022474]]}},{"type":"Feature","id":232166,"properties":{"OBJECTID":232166,"PRIMENAME":"Inlet Terrace","ELEVTYP_F":0,"ELEVTYP_T":0},"geometry":{"type":"LineString","coordinates":[[-74.0147248515643,40.1859219584657],[-74.0148713676192,40.1857597510706]]}},{"type":"Feature","id":232338,"properties":{"OBJECTID":232338,"PRIMENAME":"14th Avenue","ELEVTYP_F":0,"ELEVTYP_T":0},"geometry":{"type":"LineString","coordinates":[[-74.017125361219,40.1739600466833],[-74.0169092410598,40.1739141508714],[-74.0158173334568,40.1736856029187],[-74.0154760383891,40.1736124496804]]}},{"type":"Feature","id":233772,"properties":{"OBJECTID":233772,"PRIMENAME":"7th Avenue","ELEVTYP_F":0,"ELEVTYP_T":0},"geometry":{"type":"LineString","coordinates":[[-74.0225550953025,40.1819766522123],[-74.0206267364032,40.1815633171659]]}},{"type":"Feature","id":233797,"properties":{"OBJECTID":233797,"PRIMENAME":"Ocean Avenue","ELEVTYP_F":0,"ELEVTYP_T":0},"geometry":{"type":"LineString","coordinates":[[-74.0112109118877,40.1839014574071],[-74.0108813996145,40.184823573709],[-74.01084948606,40.1849162832333]]}},{"type":"Feature","id":233850,"properties":{"OBJECTID":233850,"PRIMENAME":"Ocean Avenue","ELEVTYP_F":0,"ELEVTYP_T":0},"geometry":{"type":"LineString","coordinates":[[-74.014119878187,40.1758495611659],[-74.0138990533358,40.1764575073099],[-74.0137722794071,40.1768096873264],[-74.0137529265027,40.1768636331624]]}},{"type":"Feature","id":234858,"properties":{"OBJECTID":234858,"PRIMENAME":"FR RT 35 NB to RT 138 WB","ELEVTYP_F":1,"ELEVTYP_T":1},"geometry":{"type":"LineString","coordinates":[[-74.0425868654968,40.1742399041044],[-74.042604991358,40.1742624322989],[-74.0426245142103,40.1742842628102],[-74.0426453885068,40.1743053447058],[-74.0426675655471,40.1743256287999],[-74.0427004487302,40.1743556867988],[-74.0427346933505,40.1743848365361],[-74.0427702568062,40.1744130417465],[-74.0428070948546,40.1744402673403],[-74.0428451616672,40.1744664794462],[-74.0428844098866,40.1744916454536],[-74.0429247906854,40.1745157340538],[-74.042966253827,40.174538715278]]}},{"type":"Feature","id":235039,"properties":{"OBJECTID":235039,"PRIMENAME":"Spinnaker Way","ELEVTYP_F":0,"ELEVTYP_T":0},"geometry":{"type":"LineString","coordinates":[[-74.0291322161454,40.1857549689259],[-74.029128271618,40.1857766952017],[-74.0291358092539,40.1858409647743],[-74.0291194507244,40.1858929212861],[-74.0290789080253,40.185999849456]]}},{"type":"Feature","id":235329,"properties":{"OBJECTID":235329,"PRIMENAME":"13th Avenue","ELEVTYP_F":0,"ELEVTYP_T":0},"geometry":{"type":"LineString","coordinates":[[-74.0227823027336,40.1756012626315],[-74.0230045990752,40.1756504955267],[-74.024454668405,40.1759557908408],[-74.0247120767587,40.1760099823953]]}},{"type":"Feature","id":235778,"properties":{"OBJECTID":235778,"PRIMENAME":"Ocean Avenue","ELEVTYP_F":0,"ELEVTYP_T":0},"geometry":{"type":"LineString","coordinates":[[-74.011932252218,40.1818882129377],[-74.0117945582956,40.1822680437838],[-74.0115711324913,40.1828933514211]]}},{"type":"Feature","id":236442,"properties":{"OBJECTID":236442,"PRIMENAME":"16th Avenue","ELEVTYP_F":0,"ELEVTYP_T":0},"geometry":{"type":"LineString","coordinates":[[-74.0195515328601,40.1730050403804],[-74.0177013555453,40.1726067780647],[-74.0176125553557,40.1725882891856]]}},{"type":"Feature","id":236689,"properties":{"OBJECTID":236689,"PRIMENAME":"18th Avenue","ELEVTYP_F":0,"ELEVTYP_T":0},"geometry":{"type":"LineString","coordinates":[[-74.0363334412249,40.1691713316978],[-74.0359332001308,40.1691792816902]]}},{"type":"Feature","id":236874,"properties":{"OBJECTID":236874,"PRIMENAME":"Janet Place","ELEVTYP_F":0,"ELEVTYP_T":0},"geometry":{"type":"LineString","coordinates":[[-74.0501948222752,40.1710098907812],[-74.050060683198,40.1710115663365],[-74.0493322285607,40.1710206248587],[-74.0491845980864,40.1710224612458]]}},{"type":"Feature","id":237072,"properties":{"OBJECTID":237072,"PRIMENAME":"18th Avenue","ELEVTYP_F":0,"ELEVTYP_T":0},"geometry":{"type":"LineString","coordinates":[[-74.0449351191329,40.1688426156368],[-74.0446774334013,40.1688886567341],[-74.0442799708521,40.1689632364104]]}},{"type":"Feature","id":237203,"properties":{"OBJECTID":237203,"PRIMENAME":"Clinton Place","ELEVTYP_F":0,"ELEVTYP_T":0},"geometry":{"type":"LineString","coordinates":[[-74.0398175985916,40.1880015602615],[-74.0396764422344,40.1879348930747],[-74.0389511643295,40.1876698616356],[-74.0388833931137,40.1876451041433]]}},{"type":"Feature","id":238766,"properties":{"OBJECTID":238766,"PRIMENAME":"6th Avenue","ELEVTYP_F":0,"ELEVTYP_T":0},"geometry":{"type":"LineString","coordinates":[[-74.0394697471236,40.1684662618753],[-74.0393759463599,40.1684675351841],[-74.0382886261695,40.1684822843428],[-74.0381860238364,40.1684887113007]]}},{"type":"Feature","id":239389,"properties":{"OBJECTID":239389,"PRIMENAME":"1st Avenue","ELEVTYP_F":0,"ELEVTYP_T":0},"geometry":{"type":"LineString","coordinates":[[-74.0121962835595,40.1862766720615],[-74.0126404601934,40.186370975489]]}},{"type":"Feature","id":239391,"properties":{"OBJECTID":239391,"PRIMENAME":"Bradley Terrace","ELEVTYP_F":0,"ELEVTYP_T":0},"geometry":{"type":"LineString","coordinates":[[-74.0220677511772,40.1710700720041],[-74.0223957751607,40.1701656234062],[-74.0223479409022,40.1698985028557],[-74.0223358192372,40.1698307542614]]}},{"type":"Feature","id":240317,"properties":{"OBJECTID":240317,"PRIMENAME":"Unnamed Segment","ELEVTYP_F":0,"ELEVTYP_T":0},"geometry":{"type":"LineString","coordinates":[[-74.0258117797359,40.1742552962591],[-74.0258571623744,40.1740996369494],[-74.0259052985227,40.1739987618103],[-74.0262353184803,40.1738093797748]]}},{"type":"Feature","id":240651,"properties":{"OBJECTID":240651,"PRIMENAME":"H Street","ELEVTYP_F":0,"ELEVTYP_T":0},"geometry":{"type":"LineString","coordinates":[[-74.0338398066206,40.1668023867428],[-74.0337128035538,40.167446356212]]}},{"type":"Feature","id":240950,"properties":{"OBJECTID":240950,"PRIMENAME":"Elizabeth Court","ELEVTYP_F":0,"ELEVTYP_T":0},"geometry":{"type":"LineString","coordinates":[[-74.0481375890706,40.1713197468976],[-74.0483869292963,40.1713052199542]]}},{"type":"Feature","id":241110,"properties":{"OBJECTID":241110,"PRIMENAME":"15th Avenue","ELEVTYP_F":0,"ELEVTYP_T":0},"geometry":{"type":"LineString","coordinates":[[-74.0193064462342,40.1736868538997],[-74.02112682058,40.1740793947994],[-74.0212392408298,40.1741033313844]]}},{"type":"Feature","id":241166,"properties":{"OBJECTID":241166,"PRIMENAME":"18th Avenue","ELEVTYP_F":0,"ELEVTYP_T":0},"geometry":{"type":"LineString","coordinates":[[-74.0202253167001,40.1713733237236],[-74.0202190155724,40.1713719556025],[-74.0201385064671,40.1713551503556]]}},{"type":"Feature","id":241454,"properties":{"OBJECTID":241454,"PRIMENAME":"Bayshore Court","ELEVTYP_F":0,"ELEVTYP_T":0},"geometry":{"type":"LineString","coordinates":[[-74.0479954865017,40.1731850414542],[-74.0479661512572,40.1731683580466],[-74.0479408729894,40.1731433042555],[-74.0479142415777,40.1731063039811],[-74.0478946318506,40.1730736687865],[-74.0478600486083,40.1730203216591],[-74.0478578613177,40.1730169445801],[-74.0476709424334,40.1722408402098]]}},{"type":"Feature","id":242272,"properties":{"OBJECTID":242272,"PRIMENAME":"18th Avenue","ELEVTYP_F":0,"ELEVTYP_T":0},"geometry":{"type":"LineString","coordinates":[[-74.0497932539332,40.1681143664983],[-74.0494724707091,40.1681257795857],[-74.0489690793136,40.1681428988245],[-74.0486831559622,40.1681703632176],[-74.0486655518618,40.1681727480467]]}},{"type":"Feature","id":244080,"properties":{"OBJECTID":244080,"PRIMENAME":"Riverview Terrace","ELEVTYP_F":0,"ELEVTYP_T":0},"geometry":{"type":"LineString","coordinates":[[-74.0405936934577,40.1759712674705],[-74.0406116611032,40.1759266300195],[-74.0411614138603,40.1745609513925],[-74.0411930552737,40.1744752872026],[-74.041193440558,40.1744180767597],[-74.0411576623512,40.1741986982252],[-74.0410752549242,40.1735168302723],[-74.0410671855016,40.1734503624624]]}},{"type":"Feature","id":244100,"properties":{"OBJECTID":244100,"PRIMENAME":"Unnamed Segment","ELEVTYP_F":0,"ELEVTYP_T":0},"geometry":{"type":"LineString","coordinates":[[-74.0449351191329,40.1688426156368],[-74.0442658939881,40.167290795578],[-74.0442775693552,40.1670784217402],[-74.0445260510544,40.166725365881],[-74.0442194068815,40.1665746788549],[-74.0431871628799,40.1660513620289]]}},{"type":"Feature","id":244354,"properties":{"OBJECTID":244354,"PRIMENAME":"World Street","ELEVTYP_F":0,"ELEVTYP_T":0},"geometry":{"type":"LineString","coordinates":[[-74.0351915063232,40.1676220140673],[-74.0353039996649,40.1670309689871],[-74.0353140789568,40.1669803039102]]}},{"type":"Feature","id":244484,"properties":{"OBJECTID":244484,"PRIMENAME":"North Marconi Road","ELEVTYP_F":0,"ELEVTYP_T":0},"geometry":{"type":"LineString","coordinates":[[-74.0507666339849,40.1814925436789],[-74.0502937814192,40.1806423645774],[-74.0501075778683,40.1802940112451],[-74.0500789325992,40.18024041861]]}},{"type":"Feature","id":245043,"properties":{"OBJECTID":245043,"PRIMENAME":"14th Avenue","ELEVTYP_F":0,"ELEVTYP_T":0},"geometry":{"type":"LineString","coordinates":[[-74.0154760383891,40.1736124496804],[-74.0150915560883,40.1735300384391],[-74.0149634178193,40.173502570538]]}},{"type":"Feature","id":245047,"properties":{"OBJECTID":245047,"PRIMENAME":"20th Avenue","ELEVTYP_F":0,"ELEVTYP_T":0},"geometry":{"type":"LineString","coordinates":[[-74.0188924266326,40.1690535037635],[-74.0180141249028,40.1688645173648]]}},{"type":"Feature","id":246087,"properties":{"OBJECTID":246087,"PRIMENAME":"Oakwood Road","ELEVTYP_F":0,"ELEVTYP_T":0},"geometry":{"type":"LineString","coordinates":[[-74.038516378396,40.1756150625479],[-74.0385078832937,40.1755512760098],[-74.0382772904611,40.1738202587986],[-74.0382665288301,40.1737394502766]]}},{"type":"Feature","id":246634,"properties":{"OBJECTID":246634,"PRIMENAME":"I Street","ELEVTYP_F":0,"ELEVTYP_T":0},"geometry":{"type":"LineString","coordinates":[[-74.0352260509704,40.1715077867856],[-74.0351683795523,40.1705192020824],[-74.0351178807825,40.1697278387674],[-74.0350995592496,40.1693560046787]]}},{"type":"Feature","id":246880,"properties":{"OBJECTID":246880,"PRIMENAME":"Wight Street","ELEVTYP_F":0,"ELEVTYP_T":0},"geometry":{"type":"LineString","coordinates":[[-74.0496546126909,40.1794307810897],[-74.0497612668431,40.1794201869233],[-74.0511975564148,40.1792780128287],[-74.0522048005938,40.1791818207022],[-74.0522856099569,40.1791773569326],[-74.0523601325906,40.1791871706582],[-74.0524717559081,40.1792209848996],[-74.0528872498043,40.1793465117488],[-74.0529718697849,40.1793720953086]]}},{"type":"Feature","id":247160,"properties":{"OBJECTID":247160,"PRIMENAME":"11th Avenue","ELEVTYP_F":0,"ELEVTYP_T":0},"geometry":{"type":"LineString","coordinates":[[-74.0240125615305,40.1779491129614],[-74.0244401135072,40.1780407341057],[-74.025794390641,40.1783309344575],[-74.0259778993055,40.1783702565362]]}},{"type":"Feature","id":247562,"properties":{"OBJECTID":247562,"PRIMENAME":"A Street","ELEVTYP_F":0,"ELEVTYP_T":0},"geometry":{"type":"LineString","coordinates":[[-74.017125361219,40.1739600466833],[-74.0168757736394,40.1746418091055]]}},{"type":"Feature","id":248626,"properties":{"OBJECTID":248626,"PRIMENAME":"North Boulevard","ELEVTYP_F":0,"ELEVTYP_T":0},"geometry":{"type":"LineString","coordinates":[[-74.0189746601504,40.1688254387971],[-74.0187395831099,40.1685575116386],[-74.0180301639869,40.1677453632223]]}},{"type":"Feature","id":248644,"properties":{"OBJECTID":248644,"PRIMENAME":"FR RT 138 WB to N MARCONI RD","ELEVTYP_F":0,"ELEVTYP_T":0},"geometry":{"type":"LineString","coordinates":[[-74.0480223283438,40.1734772281259],[-74.0484402855309,40.1734890717687],[-74.0485113612164,40.1734995887649],[-74.0486091338511,40.1735101818828],[-74.0487023661625,40.1735310528747],[-74.0487733517539,40.1735551858141],[-74.0488264263168,40.1735929203117],[-74.0488618212658,40.173630586798],[-74.0488926262202,40.1736750427163],[-74.0489100502285,40.1737296863052],[-74.0489187130484,40.1737672756396],[-74.0489316323532,40.1738321414855]]}},{"type":"Feature","id":248930,"properties":{"OBJECTID":248930,"PRIMENAME":"17th Avenue","ELEVTYP_F":0,"ELEVTYP_T":0},"geometry":{"type":"LineString","coordinates":[[-74.0419421935739,40.1716296485578],[-74.0423785472329,40.1715753842753],[-74.0425485320189,40.1715542442781],[-74.0432121648613,40.1714732706117]]}},{"type":"Feature","id":249063,"properties":{"OBJECTID":249063,"PRIMENAME":"Spinnaker Way","ELEVTYP_F":0,"ELEVTYP_T":0},"geometry":{"type":"LineString","coordinates":[[-74.028017178168,40.1854269533636],[-74.0278865378392,40.1853432666742],[-74.027834893005,40.1853063246857],[-74.0277991771096,40.1852847654426],[-74.0277474202877,40.1852692356309],[-74.0276836228189,40.1852659283857],[-74.0276385531865,40.1852779252487],[-74.0276156677665,40.185284016814],[-74.0275358011332,40.1852958797554],[-74.0274599138105,40.1853017198508],[-74.0273882759427,40.1852830887627],[-74.0270538491936,40.1851807248491],[-74.0269662342581,40.1851589542226],[-74.0269143287869,40.185164864025],[-74.0269136190367,40.1851652673296],[-74.0268663176618,40.1851922023922],[-74.0268299911814,40.1852379550822],[-74.026789324991,40.1853571257423],[-74.0266266554848,40.1858031978206],[-74.0265981197884,40.1858814579602]]}},{"type":"Feature","id":249283,"properties":{"OBJECTID":249283,"PRIMENAME":"2nd Avenue","ELEVTYP_F":0,"ELEVTYP_T":0},"geometry":{"type":"LineString","coordinates":[[-74.0130011773722,40.1853675618799],[-74.014728119168,40.1857297211346],[-74.0148713676192,40.1857597510706]]}},{"type":"Feature","id":249635,"properties":{"OBJECTID":249635,"PRIMENAME":"State Highway 35","ELEVTYP_F":0,"ELEVTYP_T":0},"geometry":{"type":"LineString","coordinates":[[-74.0441647367418,40.1727881352691],[-74.0441687200406,40.1727815399724],[-74.0442630072457,40.1726174968119],[-74.0443618164461,40.1724620917581]]}},{"type":"Feature","id":250056,"properties":{"OBJECTID":250056,"PRIMENAME":"16th Avenue","ELEVTYP_F":0,"ELEVTYP_T":0},"geometry":{"type":"LineString","coordinates":[[-74.0361642382305,40.1757122548213],[-74.035841312397,40.1756549844328],[-74.035630251899,40.1756255325685],[-74.0355974915256,40.1756222433909]]}},{"type":"Feature","id":250304,"properties":{"OBJECTID":250304,"PRIMENAME":"Oakwood Road","ELEVTYP_F":0,"ELEVTYP_T":0},"geometry":{"type":"LineString","coordinates":[[-74.0385845452921,40.1761269083957],[-74.038516378396,40.1756150625479]]}},{"type":"Feature","id":250678,"properties":{"OBJECTID":250678,"PRIMENAME":"3rd Avenue","ELEVTYP_F":0,"ELEVTYP_T":0},"geometry":{"type":"LineString","coordinates":[[-74.0183631846509,40.1854255717454],[-74.0182056446019,40.1853920902035],[-74.0176769038662,40.1852797143218],[-74.0172382685324,40.1851864683699]]}},{"type":"Feature","id":250956,"properties":{"OBJECTID":250956,"PRIMENAME":"Surf Avenue","ELEVTYP_F":0,"ELEVTYP_T":0},"geometry":{"type":"LineString","coordinates":[[-74.0173203467718,40.1707656114388],[-74.0176303604771,40.1699065072075],[-74.0176646956358,40.1698132012798]]}},{"type":"Feature","id":251847,"properties":{"OBJECTID":251847,"PRIMENAME":"8th Avenue","ELEVTYP_F":0,"ELEVTYP_T":0},"geometry":{"type":"LineString","coordinates":[[-74.0190536726258,40.1801509414403],[-74.0201766116821,40.1803906234124]]}},{"type":"Feature","id":252801,"properties":{"OBJECTID":252801,"PRIMENAME":"14th Avenue","ELEVTYP_F":0,"ELEVTYP_T":0},"geometry":{"type":"LineString","coordinates":[[-74.0248555438151,40.1756114369419],[-74.0247819993593,40.1755958433957],[-74.02445766218,40.1755269149357],[-74.0229243594678,40.1752010384875]]}},{"type":"Feature","id":253304,"properties":{"OBJECTID":253304,"PRIMENAME":"Washington Lane","ELEVTYP_F":0,"ELEVTYP_T":0},"geometry":{"type":"LineString","coordinates":[[-74.0132410328987,40.1884336359446],[-74.0139055936879,40.1884846575765]]}},{"type":"Feature","id":256046,"properties":{"OBJECTID":256046,"PRIMENAME":"FR RT 138 WB to N MARCONI RD","ELEVTYP_F":0,"ELEVTYP_T":0},"geometry":{"type":"LineString","coordinates":[[-74.0512163371096,40.1730263878651],[-74.0512277134132,40.1731632531251],[-74.0512311262054,40.1732043111707],[-74.0513005212639,40.1734864375327],[-74.0513094146444,40.1735924395132],[-74.0512970708377,40.1736951473695],[-74.051258205012,40.1737929482129],[-74.0511902703639,40.1738813845945],[-74.051094119795,40.1739557384146],[-74.0509724492092,40.1740086894383],[-74.0508474603295,40.1740384845314],[-74.0499143027624,40.1741557902735],[-74.0497760011272,40.1741638450228],[-74.0495110393209,40.1741565276469],[-74.0491191049487,40.1741324634261],[-74.0490586072382,40.1741241208088],[-74.0489779432422,40.1741129993701],[-74.0489050624194,40.1741263868335]]}},{"type":"Feature","id":256841,"properties":{"OBJECTID":256841,"PRIMENAME":"North Lake Drive","ELEVTYP_F":0,"ELEVTYP_T":0},"geometry":{"type":"LineString","coordinates":[[-74.0196002753137,40.1813432846982],[-74.0198327612365,40.1811983926978],[-74.0207144871239,40.1806747352283],[-74.0209241705382,40.1805501721566]]}},{"type":"Feature","id":257111,"properties":{"OBJECTID":257111,"PRIMENAME":"Ocean Avenue","ELEVTYP_F":0,"ELEVTYP_T":0},"geometry":{"type":"LineString","coordinates":[[-74.0167481885073,40.1685921524751],[-74.0166495445651,40.1688623423309],[-74.0164000554538,40.1695473174795]]}},{"type":"Feature","id":257587,"properties":{"OBJECTID":257587,"PRIMENAME":"7th Avenue","ELEVTYP_F":0,"ELEVTYP_T":0},"geometry":{"type":"LineString","coordinates":[[-74.0264094343298,40.1827799625764],[-74.0262856604256,40.1827546389544]]}},{"type":"Feature","id":257791,"properties":{"OBJECTID":257791,"PRIMENAME":"Melrose Avenue","ELEVTYP_F":0,"ELEVTYP_T":0},"geometry":{"type":"LineString","coordinates":[[-74.0294827848982,40.1717753689239],[-74.0292674346067,40.1711877062015]]}},{"type":"Feature","id":258062,"properties":{"OBJECTID":258062,"PRIMENAME":"Margerum Avenue","ELEVTYP_F":0,"ELEVTYP_T":0},"geometry":{"type":"LineString","coordinates":[[-74.0304306669065,40.1701085533367],[-74.0304236465621,40.1700316294391],[-74.0303551704224,40.1692760994149]]}},{"type":"Feature","id":258587,"properties":{"OBJECTID":258587,"PRIMENAME":"19th Avenue","ELEVTYP_F":0,"ELEVTYP_T":0},"geometry":{"type":"LineString","coordinates":[[-74.0274590445665,40.1698974035584],[-74.0275980271857,40.1698676358535],[-74.0302796595321,40.1692922926295],[-74.0303551704224,40.1692760994149]]}},{"type":"Feature","id":258718,"properties":{"OBJECTID":258718,"PRIMENAME":"D Street","ELEVTYP_F":0,"ELEVTYP_T":0},"geometry":{"type":"LineString","coordinates":[[-74.0195986301723,40.1843927200021],[-74.0196952984791,40.1841252104969],[-74.0198923185767,40.1835797469267]]}},{"type":"Feature","id":259069,"properties":{"OBJECTID":259069,"PRIMENAME":"16th Avenue","ELEVTYP_F":0,"ELEVTYP_T":0},"geometry":{"type":"LineString","coordinates":[[-74.0374064948682,40.1759241358295],[-74.0368404497759,40.1758305927206],[-74.036811924383,40.1758255915268]]}},{"type":"Feature","id":259764,"properties":{"OBJECTID":259764,"PRIMENAME":"South Lake Drive","ELEVTYP_F":0,"ELEVTYP_T":0},"geometry":{"type":"LineString","coordinates":[[-74.0145187982462,40.1811900955292],[-74.0152361878349,40.1811373172682],[-74.0166526162149,40.1810365119269],[-74.0166909928493,40.1810337809678],[-74.0169149180791,40.1809966115234],[-74.0175058122043,40.1808989554996]]}},{"type":"Feature","id":260432,"properties":{"OBJECTID":260432,"PRIMENAME":"18th Avenue","ELEVTYP_F":0,"ELEVTYP_T":0},"geometry":{"type":"LineString","coordinates":[[-74.0224279389341,40.1718516004262],[-74.0220986651185,40.1717801275892],[-74.0218312812571,40.171722031413]]}},{"type":"Feature","id":260505,"properties":{"OBJECTID":260505,"PRIMENAME":"E Street","ELEVTYP_F":0,"ELEVTYP_T":0},"geometry":{"type":"LineString","coordinates":[[-74.0261730973336,40.1731837295734],[-74.0261191873754,40.17257348246]]}},{"type":"Feature","id":261515,"properties":{"OBJECTID":261515,"PRIMENAME":"State Highway 35","ELEVTYP_F":0,"ELEVTYP_T":0},"geometry":{"type":"LineString","coordinates":[[-74.0443618164461,40.1724620917581],[-74.044385434525,40.1724249308406],[-74.0445313367359,40.1722110443529],[-74.0446913138742,40.1719793138388],[-74.0449452874647,40.1716264465258],[-74.045058549698,40.1714124031284],[-74.0451397330957,40.1712380399829]]}},{"type":"Feature","id":262488,"properties":{"OBJECTID":262488,"PRIMENAME":"8th Avenue","ELEVTYP_F":0,"ELEVTYP_T":0},"geometry":{"type":"LineString","coordinates":[[-74.0275020822866,40.1820541720767],[-74.0276835358482,40.1820685118]]}},{"type":"Feature","id":262603,"properties":{"OBJECTID":262603,"PRIMENAME":"Pascal Place","ELEVTYP_F":0,"ELEVTYP_T":0},"geometry":{"type":"LineString","coordinates":[[-74.0483882194482,40.1732237846392],[-74.0485867540883,40.1731124694464],[-74.0487301865058,40.1730319882418],[-74.0488985755458,40.1729277748467],[-74.049260368211,40.1727194726205],[-74.0495658333313,40.1725322259571]]}},{"type":"Feature","id":262815,"properties":{"OBJECTID":262815,"PRIMENAME":"FR RT 35 NB to RT 138 WB","ELEVTYP_F":0,"ELEVTYP_T":0},"geometry":{"type":"LineString","coordinates":[[-74.0446057512763,40.1718770178239],[-74.0445354044216,40.1719482258265],[-74.0444676474279,40.1720208967538],[-74.0444025319723,40.1720949751898],[-74.0443401077179,40.172170404645],[-74.0442804222763,40.1722471275997],[-74.0442235211707,40.1723250855473],[-74.0441694478019,40.1724042190396],[-74.0441182434146,40.1724844677313],[-74.0440320602002,40.1726004011355],[-74.0439427392064,40.1727149284589],[-74.04389955768,40.1727582266386],[-74.0438543371281,40.1728002821017],[-74.0438071382709,40.1728410383745],[-74.0437580244857,40.1728804407277],[-74.0436896739816,40.1729307804821],[-74.0434584176761,40.1730786990765],[-74.0432248319256,40.1732244483654],[-74.0427881144565,40.1734967856833],[-74.0427512082819,40.1735220589521],[-74.0427161612063,40.1735488442788],[-74.0426830783589,40.1735770613184],[-74.0426520589774,40.173606625431],[-74.0426231961103,40.1736374479361],[-74.042596576338,40.1736694363783],[-74.0425722795123,40.1737024948046],[-74.042550378518,40.1737365240525],[-74.0425227705222,40.1737975180646],[-74.0425033257166,40.1738603375675],[-74.0424922425693,40.1739243414521],[-74.042489634214,40.1739888765207],[-74.0424929907191,40.1740218241676],[-74.0424989267639,40.1740545570617],[-74.042507420821,40.1740869564732],[-74.0425184420838,40.1741189048818],[-74.0425319505793,40.1741502864029],[-74.0425478973121,40.1741809872079],[-74.0425662244426,40.1742108959373],[-74.0425868654968,40.1742399041044]]}},{"type":"Feature","id":263340,"properties":{"OBJECTID":263340,"PRIMENAME":"West Railroad Avenue","ELEVTYP_F":0,"ELEVTYP_T":0},"geometry":{"type":"LineString","coordinates":[[-74.0277824400151,40.1799190998675],[-74.0276258359805,40.1803449378138],[-74.0274991254438,40.1806971329927],[-74.027404604722,40.1808873790338],[-74.0272914367116,40.1810775479544],[-74.0270327368793,40.181804069696]]}},{"type":"Feature","id":263444,"properties":{"OBJECTID":263444,"PRIMENAME":"9th Avenue","ELEVTYP_F":0,"ELEVTYP_T":0},"geometry":{"type":"LineString","coordinates":[[-74.0252521928663,40.1803816793827],[-74.0250285771485,40.1803343116042],[-74.0244249929143,40.1802064803149],[-74.0232795133254,40.1799638690502]]}},{"type":"Feature","id":263735,"properties":{"OBJECTID":263735,"PRIMENAME":"M Street","ELEVTYP_F":0,"ELEVTYP_T":0},"geometry":{"type":"LineString","coordinates":[[-74.0418861380089,40.1709397862216],[-74.0418590900974,40.1705983048871],[-74.0417384249897,40.1691393996771],[-74.0417320054557,40.1690616835101]]}},{"type":"Feature","id":264530,"properties":{"OBJECTID":264530,"PRIMENAME":"18th Avenue","ELEVTYP_F":0,"ELEVTYP_T":0},"geometry":{"type":"LineString","coordinates":[[-74.0218312812571,40.171722031413],[-74.02100608274,40.1715428684408]]}},{"type":"Feature","id":264873,"properties":{"OBJECTID":264873,"PRIMENAME":"Vine Street","ELEVTYP_F":0,"ELEVTYP_T":0},"geometry":{"type":"LineString","coordinates":[[-74.0318430529526,40.172010926733],[-74.0318224482554,40.1719212655635],[-74.0317379751314,40.1715539362937]]}},{"type":"Feature","id":265116,"properties":{"OBJECTID":265116,"PRIMENAME":"World Street","ELEVTYP_F":0,"ELEVTYP_T":0},"geometry":{"type":"LineString","coordinates":[[-74.0350924121054,40.1691965810683],[-74.0350666275288,40.1685700599515]]}},{"type":"Feature","id":265264,"properties":{"OBJECTID":265264,"PRIMENAME":"1st Avenue","ELEVTYP_F":0,"ELEVTYP_T":0},"geometry":{"type":"LineString","coordinates":[[-74.0105370284331,40.1859244786482],[-74.0107989273611,40.1859800791957],[-74.0120217232961,40.1862396211773],[-74.0121962835595,40.1862766720615]]}},{"type":"Feature","id":265505,"properties":{"OBJECTID":265505,"PRIMENAME":"19th Avenue","ELEVTYP_F":0,"ELEVTYP_T":0},"geometry":{"type":"LineString","coordinates":[[-74.0214065174411,40.1699303037206],[-74.0223358192372,40.1698307542614]]}},{"type":"Feature","id":265579,"properties":{"OBJECTID":265579,"PRIMENAME":"Water Street","ELEVTYP_F":0,"ELEVTYP_T":0},"geometry":{"type":"LineString","coordinates":[[-74.0401964675723,40.1735412898696],[-74.0402047198144,40.1736229943352],[-74.0402571133979,40.1741426910076],[-74.0402808280284,40.1743143643413],[-74.0402803134214,40.1743906263097],[-74.0402611215946,40.1744715904102],[-74.0400715175416,40.174937890239],[-74.0397429619607,40.1757563779873],[-74.0397170367771,40.1758209489932]]}},{"type":"Feature","id":265889,"properties":{"OBJECTID":265889,"PRIMENAME":"Spinnaker Way","ELEVTYP_F":0,"ELEVTYP_T":0},"geometry":{"type":"LineString","coordinates":[[-74.0291322161454,40.1857549689259],[-74.0288973923267,40.1857053671959],[-74.0282918561792,40.1855774427725],[-74.0282281856182,40.1855557706592],[-74.0281606119622,40.1855187909256],[-74.028017178168,40.1854269533636]]}},{"type":"Feature","id":266358,"properties":{"OBJECTID":266358,"PRIMENAME":"Central Avenue","ELEVTYP_F":0,"ELEVTYP_T":0},"geometry":{"type":"LineString","coordinates":[[-74.0394925935735,40.1691099823753],[-74.039490096571,40.1690399401612],[-74.0394697471236,40.1684662618753]]}},{"type":"Feature","id":266551,"properties":{"OBJECTID":266551,"PRIMENAME":"Main Street","ELEVTYP_F":0,"ELEVTYP_T":0},"geometry":{"type":"LineString","coordinates":[[-74.0266840632234,40.1764094548194],[-74.0263660461922,40.1772941073537],[-74.0263287869548,40.1773973968068]]}},{"type":"Feature","id":268591,"properties":{"OBJECTID":268591,"PRIMENAME":"K Street","ELEVTYP_F":0,"ELEVTYP_T":0},"geometry":{"type":"LineString","coordinates":[[-74.0375832697849,40.1691464887564],[-74.0375877615079,40.1692229905358],[-74.0376657634708,40.1705482805158],[-74.0377159071987,40.1714016025121],[-74.037719594635,40.1714594597045]]}},{"type":"Feature","id":268769,"properties":{"OBJECTID":268769,"PRIMENAME":"B Street","ELEVTYP_F":0,"ELEVTYP_T":0},"geometry":{"type":"LineString","coordinates":[[-74.014976335393,40.1856665494276],[-74.0150595543536,40.1854356099165],[-74.0152979254186,40.1847740656178]]}},{"type":"Feature","id":268841,"properties":{"OBJECTID":268841,"PRIMENAME":"Euclid Avenue","ELEVTYP_F":0,"ELEVTYP_T":0},"geometry":{"type":"LineString","coordinates":[[-74.029233261082,40.1724358829059],[-74.0292695098301,40.1725243723979],[-74.0293184302732,40.1726437165819],[-74.0293608859488,40.1727868907237],[-74.0294330586773,40.1731303424018],[-74.0294510065836,40.1732158212353]]}},{"type":"Feature","id":269388,"properties":{"OBJECTID":269388,"PRIMENAME":"A Street","ELEVTYP_F":0,"ELEVTYP_T":0},"geometry":{"type":"LineString","coordinates":[[-74.0133635074602,40.1843622316926],[-74.0131680370218,40.1849034077883],[-74.0130011773722,40.1853675618799]]}},{"type":"Feature","id":270029,"properties":{"OBJECTID":270029,"PRIMENAME":"B Street","ELEVTYP_F":0,"ELEVTYP_T":0},"geometry":{"type":"LineString","coordinates":[[-74.0171190127855,40.1797379613136],[-74.0167899915349,40.1806505708575],[-74.0167575700857,40.1807404806717]]}},{"type":"Feature","id":270067,"properties":{"OBJECTID":270067,"PRIMENAME":"17th Avenue","ELEVTYP_F":0,"ELEVTYP_T":0},"geometry":{"type":"LineString","coordinates":[[-74.0352847043117,40.1724786408818],[-74.0366286383963,40.1723123652399],[-74.0378584172475,40.1721548422317]]}},{"type":"Feature","id":270203,"properties":{"OBJECTID":270203,"PRIMENAME":"River Avenue","ELEVTYP_F":0,"ELEVTYP_T":0},"geometry":{"type":"LineString","coordinates":[[-74.0195986301723,40.1843927200021],[-74.0196220730619,40.1843727493143],[-74.0198033289856,40.1842257237425],[-74.0199594728872,40.1841119764179],[-74.0201279385845,40.1840173589753],[-74.0202838799815,40.1839322158413],[-74.0204334930995,40.1838613481181],[-74.0206203365993,40.1838049389042],[-74.0207572491153,40.1837635846659]]}},{"type":"Feature","id":270207,"properties":{"OBJECTID":270207,"PRIMENAME":"16th Avenue","ELEVTYP_F":0,"ELEVTYP_T":0},"geometry":{"type":"LineString","coordinates":[[-74.0176125553557,40.1725882891856],[-74.0155982509429,40.1721690494882],[-74.0154561722768,40.1721394648559]]}},{"type":"Feature","id":270436,"properties":{"OBJECTID":270436,"PRIMENAME":"Water Street","ELEVTYP_F":0,"ELEVTYP_T":0},"geometry":{"type":"LineString","coordinates":[[-74.0397170367771,40.1758209489932],[-74.0396778551277,40.1759185356718],[-74.0396206887179,40.1760609189853]]}},{"type":"Feature","id":270667,"properties":{"OBJECTID":270667,"PRIMENAME":"Euclid Avenue","ELEVTYP_F":0,"ELEVTYP_T":0},"geometry":{"type":"LineString","coordinates":[[-74.0288409844503,40.1711700340942],[-74.0288133939305,40.1710974460343],[-74.0286120397794,40.1705676130094],[-74.0285882459497,40.170504978432]]}},{"type":"Feature","id":270908,"properties":{"OBJECTID":270908,"PRIMENAME":"A Street","ELEVTYP_F":0,"ELEVTYP_T":0},"geometry":{"type":"LineString","coordinates":[[-74.016620832991,40.1753458682377],[-74.0162759584086,40.1763108176491]]}},{"type":"Feature","id":271181,"properties":{"OBJECTID":271181,"PRIMENAME":"3rd Avenue","ELEVTYP_F":0,"ELEVTYP_T":0},"geometry":{"type":"LineString","coordinates":[[-74.0152979254186,40.1847740656178],[-74.0138112767636,40.1844580840961],[-74.0133635074602,40.1843622316926]]}},{"type":"Feature","id":271467,"properties":{"OBJECTID":271467,"PRIMENAME":"West Maplewood Road","ELEVTYP_F":0,"ELEVTYP_T":0},"geometry":{"type":"LineString","coordinates":[[-74.0369018270452,40.1753381810085],[-74.036811924383,40.1758255915268]]}},{"type":"Feature","id":271603,"properties":{"OBJECTID":271603,"PRIMENAME":"7th Avenue","ELEVTYP_F":0,"ELEVTYP_T":0},"geometry":{"type":"LineString","coordinates":[[-74.0175058122043,40.1808989554996],[-74.0172763751462,40.1808503686104],[-74.0167575700857,40.1807404806717]]}},{"type":"Feature","id":272967,"properties":{"OBJECTID":272967,"PRIMENAME":"River Road","ELEVTYP_F":0,"ELEVTYP_T":0},"geometry":{"type":"LineString","coordinates":[[-74.040960794407,40.1770363221426],[-74.040984307319,40.177018942219],[-74.0411036857476,40.1769202013034]]}},{"type":"Feature","id":273829,"properties":{"OBJECTID":273829,"PRIMENAME":"Curtis Avenue","ELEVTYP_F":0,"ELEVTYP_T":0},"geometry":{"type":"LineString","coordinates":[[-74.0371574420142,40.1732479009468],[-74.0366218314854,40.1733132094338],[-74.0344453758178,40.1735856762914],[-74.0332016812469,40.1737427222574],[-74.0330959736131,40.17375182249],[-74.0329779807227,40.1737465694046],[-74.0325868392289,40.1737021097131],[-74.0324850317391,40.1736905527723]]}},{"type":"Feature","id":273832,"properties":{"OBJECTID":273832,"PRIMENAME":"Main Street","ELEVTYP_F":0,"ELEVTYP_T":0},"geometry":{"type":"LineString","coordinates":[[-74.0252521928663,40.1803816793827],[-74.0249341242249,40.1812631152923],[-74.0248897798519,40.1813860864389]]}},{"type":"Feature","id":275814,"properties":{"OBJECTID":275814,"PRIMENAME":"11th Avenue","ELEVTYP_F":0,"ELEVTYP_T":0},"geometry":{"type":"LineString","coordinates":[[-74.0182142605389,40.1767256113321],[-74.0200305034094,40.1771156807411],[-74.020136960873,40.1771383039025]]}},{"type":"Feature","id":275961,"properties":{"OBJECTID":275961,"PRIMENAME":"FR RT 35 NB to RT 138 WB","ELEVTYP_F":1,"ELEVTYP_T":1},"geometry":{"type":"LineString","coordinates":[[-74.042966253827,40.174538715278],[-74.042980328372,40.1745461576084],[-74.0429945206766,40.1745534671652],[-74.0430088286122,40.1745606428522],[-74.043023250033,40.174567683593],[-74.0430410150635,40.1745771309255],[-74.0430590212712,40.1745863056558],[-74.0430772615482,40.1745952041624],[-74.0430957286943,40.1746038229326]]}},{"type":"Feature","id":276167,"properties":{"OBJECTID":276167,"PRIMENAME":"Milford Road","ELEVTYP_F":0,"ELEVTYP_T":0},"geometry":{"type":"LineString","coordinates":[[-74.0400950792046,40.1887440497314],[-74.0401121711433,40.1887468628892],[-74.0405466370707,40.1888296001486],[-74.0408011344798,40.1888735189851],[-74.0409500978744,40.1889027152142],[-74.0411051588052,40.188946211133],[-74.0412353421215,40.1889896082632],[-74.0413654995518,40.189047334896],[-74.0415326923234,40.1891337864967],[-74.0417865195336,40.1892777376692],[-74.0420342499923,40.1894074154754],[-74.0421296487704,40.1894709067707]]}},{"type":"Feature","id":276323,"properties":{"OBJECTID":276323,"PRIMENAME":"6th Avenue","ELEVTYP_F":0,"ELEVTYP_T":0},"geometry":{"type":"LineString","coordinates":[[-74.0381860238364,40.1684887113007],[-74.0380027267056,40.1685001959631],[-74.0367196660445,40.1685353700727]]}},{"type":"Feature","id":276445,"properties":{"OBJECTID":276445,"PRIMENAME":"America Street","ELEVTYP_F":0,"ELEVTYP_T":0},"geometry":{"type":"LineString","coordinates":[[-74.0359012100848,40.1685536149351],[-74.0359297250451,40.169111514203],[-74.0359332001308,40.1691792816902]]}},{"type":"Feature","id":277288,"properties":{"OBJECTID":277288,"PRIMENAME":"Greenwood Terrace","ELEVTYP_F":0,"ELEVTYP_T":0},"geometry":{"type":"LineString","coordinates":[[-74.0214065174411,40.1699303037206],[-74.0214214595817,40.1700090721579],[-74.0214693897451,40.1702618627848],[-74.0210321776172,40.1714706384364],[-74.02100608274,40.1715428684408]]}},{"type":"Feature","id":277639,"properties":{"OBJECTID":277639,"PRIMENAME":"18th Avenue","ELEVTYP_F":0,"ELEVTYP_T":0},"geometry":{"type":"LineString","coordinates":[[-74.0382136426516,40.1691339606036],[-74.0375832697849,40.1691464887564]]}},{"type":"Feature","id":277743,"properties":{"OBJECTID":277743,"PRIMENAME":"Ocean Avenue","ELEVTYP_F":0,"ELEVTYP_T":0},"geometry":{"type":"LineString","coordinates":[[-74.0130319407734,40.1788574008465],[-74.012789788025,40.1795222199115],[-74.0126626907977,40.179872996595]]}},{"type":"Feature","id":278802,"properties":{"OBJECTID":278802,"PRIMENAME":"Milford Road","ELEVTYP_F":0,"ELEVTYP_T":0},"geometry":{"type":"LineString","coordinates":[[-74.0386884171329,40.1884853668054],[-74.0388273673592,40.1885129613911],[-74.0392928356238,40.1886053803174],[-74.0398142154036,40.1886980205359],[-74.0400950792046,40.1887440497314]]}},{"type":"Feature","id":279764,"properties":{"OBJECTID":279764,"PRIMENAME":"E Street","ELEVTYP_F":0,"ELEVTYP_T":0},"geometry":{"type":"LineString","coordinates":[[-74.0248555438151,40.1756114369419],[-74.0247424501335,40.1759245093968],[-74.0247120767587,40.1760099823953]]}},{"type":"Feature","id":280307,"properties":{"OBJECTID":280307,"PRIMENAME":"Marietta Road","ELEVTYP_F":0,"ELEVTYP_T":0},"geometry":{"type":"LineString","coordinates":[[-74.0472534017119,40.1706811548833],[-74.0468693984891,40.1706893160456],[-74.0466645744005,40.1706599086964],[-74.0462923166502,40.1705917399783],[-74.0458330521711,40.1705089269256],[-74.0456732805036,40.1704801061476]]}},{"type":"Feature","id":280577,"properties":{"OBJECTID":280577,"PRIMENAME":"8th Avenue","ELEVTYP_F":0,"ELEVTYP_T":0},"geometry":{"type":"LineString","coordinates":[[-74.0209846031452,40.1805630776181],[-74.021019054655,40.1805704129589],[-74.0229164884301,40.1809699967358]]}},{"type":"Feature","id":280691,"properties":{"OBJECTID":280691,"PRIMENAME":"West Court","ELEVTYP_F":0,"ELEVTYP_T":0},"geometry":{"type":"LineString","coordinates":[[-74.0483263374472,40.1720962522763],[-74.0479654356982,40.1721758292098],[-74.0477476832091,40.1722226643744],[-74.0476709424334,40.1722408402098]]}},{"type":"Feature","id":280692,"properties":{"OBJECTID":280692,"PRIMENAME":"A Street","ELEVTYP_F":0,"ELEVTYP_T":0},"geometry":{"type":"LineString","coordinates":[[-74.0182069977506,40.1709510963547],[-74.0178901632391,40.171823542341],[-74.017858381767,40.1719099408293]]}},{"type":"Feature","id":280730,"properties":{"OBJECTID":280730,"PRIMENAME":"18th Avenue","ELEVTYP_F":0,"ELEVTYP_T":0},"geometry":{"type":"LineString","coordinates":[[-74.0239339372278,40.1715208471834],[-74.0236573822092,40.1715817808522]]}},{"type":"Feature","id":280930,"properties":{"OBJECTID":280930,"PRIMENAME":"South Riverside Drive","ELEVTYP_F":0,"ELEVTYP_T":0},"geometry":{"type":"LineString","coordinates":[[-74.0448398901936,40.1866461732957],[-74.0443790227541,40.1864179313504],[-74.0440895810718,40.1862747246147]]}},{"type":"Feature","id":281325,"properties":{"OBJECTID":281325,"PRIMENAME":"Jefferson Avenue","ELEVTYP_F":0,"ELEVTYP_T":0},"geometry":{"type":"LineString","coordinates":[[-74.0219892861806,40.1885612533461],[-74.0221581030169,40.1885759233438],[-74.0229071864292,40.1886334234864]]}},{"type":"Feature","id":281371,"properties":{"OBJECTID":281371,"PRIMENAME":"Brand Parkway","ELEVTYP_F":0,"ELEVTYP_T":0},"geometry":{"type":"LineString","coordinates":[[-74.030273029915,40.1710949772753],[-74.0303236412183,40.1712336537793],[-74.0304227750352,40.1715029281633],[-74.0304174121906,40.1715488617196],[-74.0303908556186,40.1715753834622],[-74.0303630264615,40.1715891068028]]}},{"type":"Feature","id":281675,"properties":{"OBJECTID":281675,"PRIMENAME":"B Street","ELEVTYP_F":0,"ELEVTYP_T":0},"geometry":{"type":"LineString","coordinates":[[-74.0190582267409,40.1743706587064],[-74.0189448296706,40.174682819082],[-74.0188106840972,40.17505932486]]}},{"type":"Feature","id":282367,"properties":{"OBJECTID":282367,"PRIMENAME":"Spinnaker Way","ELEVTYP_F":0,"ELEVTYP_T":0},"geometry":{"type":"LineString","coordinates":[[-74.0295034755051,40.1847080607044],[-74.0294863150638,40.1847775835104],[-74.0294536543396,40.1848784219714],[-74.0294172687842,40.1849486349012],[-74.0293648973269,40.1850218577423],[-74.029292364139,40.185122534057],[-74.0292559698309,40.1851988967136],[-74.0292275514618,40.1852660949874],[-74.0291991037059,40.1853424620165],[-74.029182695932,40.1854066621323],[-74.0291622731269,40.1854769678113],[-74.0291616596973,40.1855656927166],[-74.0291489847241,40.1856696863634],[-74.0291365707719,40.1857308278039],[-74.0291322161454,40.1857549689259]]}},{"type":"Feature","id":282625,"properties":{"OBJECTID":282625,"PRIMENAME":"E Street","ELEVTYP_F":0,"ELEVTYP_T":0},"geometry":{"type":"LineString","coordinates":[[-74.0232795133254,40.1799638690502],[-74.0229164884301,40.1809699967358]]}},{"type":"Feature","id":283419,"properties":{"OBJECTID":283419,"PRIMENAME":"C Street","ELEVTYP_F":0,"ELEVTYP_T":0},"geometry":{"type":"LineString","coordinates":[[-74.0183206265514,40.1821664621861],[-74.0182886051987,40.1822557697187],[-74.0179611553609,40.1831691290959]]}},{"type":"Feature","id":283892,"properties":{"OBJECTID":283892,"PRIMENAME":"People Street","ELEVTYP_F":0,"ELEVTYP_T":0},"geometry":{"type":"LineString","coordinates":[[-74.0368182474824,40.1678150745386],[-74.0369428232474,40.1672186405986],[-74.0369524640205,40.1671690994739]]}},{"type":"Feature","id":284347,"properties":{"OBJECTID":284347,"PRIMENAME":"Walling Avenue","ELEVTYP_F":0,"ELEVTYP_T":0},"geometry":{"type":"LineString","coordinates":[[-74.029233261082,40.1724358829059],[-74.0288811281379,40.1724806805925]]}},{"type":"Feature","id":284433,"properties":{"OBJECTID":284433,"PRIMENAME":"River Avenue","ELEVTYP_F":0,"ELEVTYP_T":0},"geometry":{"type":"LineString","coordinates":[[-74.0194078474942,40.1845606797426],[-74.019472054905,40.184500742376],[-74.0195986301723,40.1843927200021]]}},{"type":"Feature","id":284669,"properties":{"OBJECTID":284669,"PRIMENAME":"FR RT 35 SB to CO 18 EB","ELEVTYP_F":0,"ELEVTYP_T":0},"geometry":{"type":"LineString","coordinates":[[-74.0422914854391,40.1754204938504],[-74.0423528282178,40.1754042872603],[-74.0423778894639,40.1753976654605],[-74.0424383511282,40.1753846725638],[-74.0425159975845,40.1753816847196],[-74.0425892592152,40.1753918852398],[-74.0426494555256,40.1754185867625],[-74.0427009026406,40.1754584864566],[-74.0427307520041,40.175511533589],[-74.0427434409846,40.1755512801815],[-74.0427597133245,40.1756968984966],[-74.0427908828947,40.1761932302302],[-74.0427949115146,40.1762329426125],[-74.0427817341269,40.1762659436482],[-74.0427599674533,40.1762989657023],[-74.0427208615091,40.1763451241068],[-74.0426630336955,40.1764134174578]]}},{"type":"Feature","id":285869,"properties":{"OBJECTID":285869,"PRIMENAME":"18th Avenue","ELEVTYP_F":0,"ELEVTYP_T":0},"geometry":{"type":"LineString","coordinates":[[-74.0309762859717,40.1699927354666],[-74.0309148022738,40.1700061956126],[-74.0304306669065,40.1701085533367]]}},{"type":"Feature","id":285874,"properties":{"OBJECTID":285874,"PRIMENAME":"C Street","ELEVTYP_F":0,"ELEVTYP_T":0},"geometry":{"type":"LineString","coordinates":[[-74.0194186956638,40.1791428301032],[-74.0197819918931,40.1781395964322]]}},{"type":"Feature","id":285992,"properties":{"OBJECTID":285992,"PRIMENAME":"18th Avenue","ELEVTYP_F":0,"ELEVTYP_T":0},"geometry":{"type":"LineString","coordinates":[[-74.0518278954731,40.1679847812267],[-74.0511504688655,40.1680369805288],[-74.0503175834996,40.1680957091786],[-74.0502089922072,40.1680995737115]]}},{"type":"Feature","id":286181,"properties":{"OBJECTID":286181,"PRIMENAME":"16th Avenue","ELEVTYP_F":0,"ELEVTYP_T":0},"geometry":{"type":"LineString","coordinates":[[-74.0412416146354,40.1765859344986],[-74.0407751567919,40.1765087273632],[-74.0404035319285,40.1764436721024]]}},{"type":"Feature","id":286294,"properties":{"OBJECTID":286294,"PRIMENAME":"Beverly Street","ELEVTYP_F":0,"ELEVTYP_T":0},"geometry":{"type":"LineString","coordinates":[[-74.0511293995401,40.1749778847092],[-74.0509649189358,40.1749828473246],[-74.050033067659,40.1749601774568]]}},{"type":"Feature","id":286312,"properties":{"OBJECTID":286312,"PRIMENAME":"12th Avenue","ELEVTYP_F":0,"ELEVTYP_T":0},"geometry":{"type":"LineString","coordinates":[[-74.0263287869548,40.1773973968068],[-74.0277064069384,40.1776857878993],[-74.0278864601124,40.1777246533294],[-74.028198604352,40.177792031873]]}},{"type":"Feature","id":286786,"properties":{"OBJECTID":286786,"PRIMENAME":"Pascal Place","ELEVTYP_F":0,"ELEVTYP_T":0},"geometry":{"type":"LineString","coordinates":[[-74.0495658333313,40.1725322259571],[-74.0499403227321,40.1723026951511],[-74.0500963309494,40.1722032360876],[-74.0501220837873,40.1720698880137],[-74.050217058877,40.1717938081181],[-74.0502456671972,40.1717157061189]]}},{"type":"Feature","id":287800,"properties":{"OBJECTID":287800,"PRIMENAME":"1st Avenue","ELEVTYP_F":0,"ELEVTYP_T":0},"geometry":{"type":"LineString","coordinates":[[-74.0124817142097,40.1877256444298],[-74.0123942085984,40.1883686003449]]}},{"type":"Feature","id":287877,"properties":{"OBJECTID":287877,"PRIMENAME":"Ripley Lane","ELEVTYP_F":0,"ELEVTYP_T":0},"geometry":{"type":"LineString","coordinates":[[-74.0242642496813,40.1688859743636],[-74.0242684763523,40.1689007610569],[-74.0242742343845,40.1689627459939],[-74.0243173138603,40.1690201070689],[-74.024373044366,40.1690489694896],[-74.0244227489173,40.1690491736616],[-74.0244787772313,40.1690303238106],[-74.0245031220641,40.1690133838558],[-74.0247035254871,40.1688739422306],[-74.0248033331138,40.1688171678236],[-74.0249341358677,40.1687748232848],[-74.0251147053052,40.1687136036528],[-74.0252170131759,40.1686888303441],[-74.0256050615709,40.1686143847484],[-74.0257299120981,40.1685653066652],[-74.0258418399519,40.1684635533773]]}},{"type":"Feature","id":288230,"properties":{"OBJECTID":288230,"PRIMENAME":"West Railroad Avenue","ELEVTYP_F":0,"ELEVTYP_T":0},"geometry":{"type":"LineString","coordinates":[[-74.0270327368793,40.181804069696],[-74.0269956111449,40.1819083757897]]}},{"type":"Feature","id":288872,"properties":{"OBJECTID":288872,"PRIMENAME":"L Street","ELEVTYP_F":0,"ELEVTYP_T":0},"geometry":{"type":"LineString","coordinates":[[-74.0346163192158,40.1755420405373],[-74.034682837516,40.1750575315985]]}},{"type":"Feature","id":288927,"properties":{"OBJECTID":288927,"PRIMENAME":"A Street","ELEVTYP_F":0,"ELEVTYP_T":0},"geometry":{"type":"LineString","coordinates":[[-74.0155476300875,40.1783216195606],[-74.015234443351,40.1791999195133],[-74.0151909075597,40.1793226705815]]}},{"type":"Feature","id":289226,"properties":{"OBJECTID":289226,"PRIMENAME":"18th Avenue","ELEVTYP_F":0,"ELEVTYP_T":0},"geometry":{"type":"LineString","coordinates":[[-74.0252978618575,40.1712242751846],[-74.0244864624651,40.1714006327054],[-74.0244732361731,40.1714035073896]]}},{"type":"Feature","id":289470,"properties":{"OBJECTID":289470,"PRIMENAME":"E Street","ELEVTYP_F":0,"ELEVTYP_T":0},"geometry":{"type":"LineString","coordinates":[[-74.0229164884301,40.1809699967358],[-74.0227846120635,40.1813355080092],[-74.0225550953025,40.1819766522123]]}},{"type":"Feature","id":290337,"properties":{"OBJECTID":290337,"PRIMENAME":"Marconi Road","ELEVTYP_F":0,"ELEVTYP_T":0},"geometry":{"type":"LineString","coordinates":[[-74.0527343198705,40.1803923082871],[-74.0517620755558,40.1803668608034],[-74.0508303062772,40.180320368354],[-74.0505631626007,40.1803145823469],[-74.0503954413579,40.1803043776522],[-74.0503146620776,40.1803040639242],[-74.0502153318071,40.1802893753154],[-74.0501347778772,40.180260455925],[-74.0500789325992,40.18024041861]]}},{"type":"Feature","id":293617,"properties":{"OBJECTID":293617,"PRIMENAME":"9th Avenue","ELEVTYP_F":0,"ELEVTYP_T":0},"geometry":{"type":"LineString","coordinates":[[-74.0194186956638,40.1791428301032],[-74.0176453402993,40.1787643504176],[-74.0174823799077,40.178729959031]]}},{"type":"Feature","id":294116,"properties":{"OBJECTID":294116,"PRIMENAME":"Main Street","ELEVTYP_F":0,"ELEVTYP_T":0},"geometry":{"type":"LineString","coordinates":[[-74.0274098649309,40.1716685632539],[-74.0273758899202,40.17234628663],[-74.0273663111846,40.173128622376]]}},{"type":"Feature","id":294394,"properties":{"OBJECTID":294394,"PRIMENAME":"A Street","ELEVTYP_F":0,"ELEVTYP_T":0},"geometry":{"type":"LineString","coordinates":[[-74.0140926664002,40.1823435431825],[-74.0140618847413,40.1824288197073],[-74.0137283664993,40.1833521624372]]}},{"type":"Feature","id":295549,"properties":{"OBJECTID":295549,"PRIMENAME":"Meadow Road","ELEVTYP_F":0,"ELEVTYP_T":0},"geometry":{"type":"LineString","coordinates":[[-74.0405665262867,40.1655545406068],[-74.0406515944534,40.1672381909452],[-74.0406789283903,40.1677751374538]]}},{"type":"Feature","id":295668,"properties":{"OBJECTID":295668,"PRIMENAME":"Virgil Way","ELEVTYP_F":0,"ELEVTYP_T":0},"geometry":{"type":"LineString","coordinates":[[-74.0156059356398,40.1732555088562],[-74.0160595113381,40.1733646484053]]}},{"type":"Feature","id":295695,"properties":{"OBJECTID":295695,"PRIMENAME":"A Street","ELEVTYP_F":0,"ELEVTYP_T":0},"geometry":{"type":"LineString","coordinates":[[-74.0162759584086,40.1763108176491],[-74.0161091580343,40.1767776126075],[-74.0159083542977,40.1773200615896]]}},{"type":"Feature","id":295895,"properties":{"OBJECTID":295895,"PRIMENAME":"Unnamed Segment","ELEVTYP_F":0,"ELEVTYP_T":0},"geometry":{"type":"LineString","coordinates":[[-74.0188254331672,40.1882413351436],[-74.0188667706435,40.1882371422745],[-74.0193657930456,40.188186560725]]}},{"type":"Feature","id":296302,"properties":{"OBJECTID":296302,"PRIMENAME":"H Street","ELEVTYP_F":0,"ELEVTYP_T":0},"geometry":{"type":"LineString","coordinates":[[-74.0315245364037,40.1774308630108],[-74.0314668228662,40.1775794510881],[-74.0314091806938,40.1777389646371],[-74.0313709427703,40.1778447772554],[-74.0313507731089,40.1778891971775]]}},{"type":"Feature","id":297209,"properties":{"OBJECTID":297209,"PRIMENAME":"H Street","ELEVTYP_F":0,"ELEVTYP_T":0},"geometry":{"type":"LineString","coordinates":[[-74.0337128035538,40.167446356212],[-74.0335240895627,40.1684010614443],[-74.0334822087714,40.1686161477303]]}},{"type":"Feature","id":298134,"properties":{"OBJECTID":298134,"PRIMENAME":"West Pine Tree Way","ELEVTYP_F":0,"ELEVTYP_T":0},"geometry":{"type":"LineString","coordinates":[[-74.0364432916231,40.1740332389349],[-74.0364300072373,40.174113155144],[-74.0362550677164,40.1751657604487],[-74.0362451300022,40.1752255562734]]}},{"type":"Feature","id":298405,"properties":{"OBJECTID":298405,"PRIMENAME":"Oak Terrace","ELEVTYP_F":0,"ELEVTYP_T":0},"geometry":{"type":"LineString","coordinates":[[-74.025292878888,40.1732183388148],[-74.0252888322481,40.1731468074982],[-74.0252611914111,40.1726557301209]]}},{"type":"Feature","id":298775,"properties":{"OBJECTID":298775,"PRIMENAME":"C Street","ELEVTYP_F":0,"ELEVTYP_T":0},"geometry":{"type":"LineString","coordinates":[[-74.0176002490388,40.1841759345304],[-74.0172382685324,40.1851864683699]]}},{"type":"Feature","id":299172,"properties":{"OBJECTID":299172,"PRIMENAME":"7th Avenue","ELEVTYP_F":0,"ELEVTYP_T":0},"geometry":{"type":"LineString","coordinates":[[-74.0267641827505,40.1828912362688],[-74.0266522657296,40.1828498069721]]}},{"type":"Feature","id":299590,"properties":{"OBJECTID":299590,"PRIMENAME":"6th Avenue","ELEVTYP_F":0,"ELEVTYP_T":0},"geometry":{"type":"LineString","coordinates":[[-74.0122922378269,40.1808949825056],[-74.0124600979683,40.1809302799826],[-74.0136637859748,40.1811831853223],[-74.0138188433834,40.1812171633994],[-74.013949268662,40.1812320146735]]}},{"type":"Feature","id":300005,"properties":{"OBJECTID":300005,"PRIMENAME":"B Street","ELEVTYP_F":0,"ELEVTYP_T":0},"geometry":{"type":"LineString","coordinates":[[-74.0197975407073,40.1723187546062],[-74.0195515328601,40.1730050403804]]}},{"type":"Feature","id":300460,"properties":{"OBJECTID":300460,"PRIMENAME":"Sylvan Drive","ELEVTYP_F":0,"ELEVTYP_T":0},"geometry":{"type":"LineString","coordinates":[[-74.0464243134844,40.1885679289247],[-74.0467536251562,40.1881763708201],[-74.0470543417856,40.1878105609857],[-74.0470989447211,40.1877563517606]]}},{"type":"Feature","id":300952,"properties":{"OBJECTID":300952,"PRIMENAME":"Main Street","ELEVTYP_F":0,"ELEVTYP_T":0},"geometry":{"type":"LineString","coordinates":[[-74.0274814345373,40.1690372631943],[-74.0274590445665,40.1698974035584]]}},{"type":"Feature","id":301925,"properties":{"OBJECTID":301925,"PRIMENAME":"Main Street","ELEVTYP_F":0,"ELEVTYP_T":0},"geometry":{"type":"LineString","coordinates":[[-74.0275312502849,40.1673181563872],[-74.0275235506439,40.1675522231039]]}},{"type":"Feature","id":302850,"properties":{"OBJECTID":302850,"PRIMENAME":"5th Avenue","ELEVTYP_F":0,"ELEVTYP_T":0},"geometry":{"type":"LineString","coordinates":[[-74.0160246671183,40.1827556295775],[-74.0153402468374,40.1826094084981]]}},{"type":"Feature","id":303378,"properties":{"OBJECTID":303378,"PRIMENAME":"East Center Street","ELEVTYP_F":0,"ELEVTYP_T":0},"geometry":{"type":"LineString","coordinates":[[-74.0278772935231,40.1897330179546],[-74.0279657760544,40.1894912736156],[-74.028155829464,40.188967730066],[-74.0281843661922,40.188889084999]]}},{"type":"Feature","id":304001,"properties":{"OBJECTID":304001,"PRIMENAME":"E Street","ELEVTYP_F":0,"ELEVTYP_T":0},"geometry":{"type":"LineString","coordinates":[[-74.0262353184803,40.1738093797748],[-74.0261730973336,40.1731837295734]]}},{"type":"Feature","id":304404,"properties":{"OBJECTID":304404,"PRIMENAME":"Clinton Place","ELEVTYP_F":0,"ELEVTYP_T":0},"geometry":{"type":"LineString","coordinates":[[-74.0421298588643,40.1886198482358],[-74.0419222214896,40.1885061964749],[-74.0417797427524,40.1884388952474],[-74.0416124550827,40.1883667463527],[-74.0414946896405,40.1883186216401],[-74.0413023966931,40.1882654252583],[-74.0410293808694,40.1882023830109],[-74.0405637842079,40.1881290495694],[-74.040135487155,40.1880558624242],[-74.0399418856638,40.1880227913937],[-74.0398175985916,40.1880015602615]]}},{"type":"Feature","id":305236,"properties":{"OBJECTID":305236,"PRIMENAME":"FR NJ 35 NB TO 12 AVE EB","ELEVTYP_F":0,"ELEVTYP_T":0},"geometry":{"type":"LineString","coordinates":[[-74.0308583838015,40.1783141465366],[-74.0307865708391,40.178307567794],[-74.0307150822356,40.1782991638194],[-74.0306439968185,40.1782889438796],[-74.0305733929706,40.1782769192437],[-74.0304542775919,40.1782566189471],[-74.0303348922068,40.1782372744779],[-74.0302152498495,40.1782188879483],[-74.0300953635824,40.1782014613655]]}},{"type":"Feature","id":305343,"properties":{"OBJECTID":305343,"PRIMENAME":"McKinley Place","ELEVTYP_F":0,"ELEVTYP_T":0},"geometry":{"type":"LineString","coordinates":[[-74.0187494263608,40.188881324635],[-74.0185785872607,40.1888693045545],[-74.0176178796277,40.188801752059],[-74.0175658205479,40.1891320099991],[-74.017544905899,40.1892647391134]]}},{"type":"Feature","id":305515,"properties":{"OBJECTID":305515,"PRIMENAME":"South Riverside Drive","ELEVTYP_F":0,"ELEVTYP_T":0},"geometry":{"type":"LineString","coordinates":[[-74.0470989447211,40.1877563517606],[-74.0463438674707,40.1873879451556]]}},{"type":"Feature","id":305598,"properties":{"OBJECTID":305598,"PRIMENAME":"Margerum Avenue","ELEVTYP_F":0,"ELEVTYP_T":0},"geometry":{"type":"LineString","coordinates":[[-74.0302781819201,40.1684268389142],[-74.0302620205871,40.1682484398566],[-74.030203058197,40.16759276675]]}},{"type":"Feature","id":305862,"properties":{"OBJECTID":305862,"PRIMENAME":"Lee Street","ELEVTYP_F":0,"ELEVTYP_T":0},"geometry":{"type":"LineString","coordinates":[[-74.0408034901397,40.1709564985638],[-74.0417946589283,40.1709411814537],[-74.0418861380089,40.1709397862216]]}},{"type":"Feature","id":306893,"properties":{"OBJECTID":306893,"PRIMENAME":"South Riverside Drive","ELEVTYP_F":0,"ELEVTYP_T":0},"geometry":{"type":"LineString","coordinates":[[-74.0476831798646,40.1881064886632],[-74.0476616024958,40.1880750806459],[-74.0476122966922,40.1880129277788],[-74.0474574868717,40.1879313366447],[-74.0470989447211,40.1877563517606]]}},{"type":"Feature","id":307099,"properties":{"OBJECTID":307099,"PRIMENAME":"River Avenue","ELEVTYP_F":0,"ELEVTYP_T":0},"geometry":{"type":"LineString","coordinates":[[-74.0121962835595,40.1862766720615],[-74.0121123409838,40.1861848664416],[-74.0120038219162,40.1860661773807],[-74.0111159752236,40.1850949176535],[-74.0109771489244,40.1849430403247]]}},{"type":"Feature","id":307373,"properties":{"OBJECTID":307373,"PRIMENAME":"Bayshore Court","ELEVTYP_F":0,"ELEVTYP_T":0},"geometry":{"type":"LineString","coordinates":[[-74.0482316060301,40.1732464534816],[-74.0481849472663,40.1732397378911],[-74.0481298574327,40.173230847564],[-74.0480648843082,40.1732121462724],[-74.0480084352291,40.1731924064142],[-74.0479954865017,40.1731850414542]]}},{"type":"Feature","id":309279,"properties":{"OBJECTID":309279,"PRIMENAME":"18th Avenue","ELEVTYP_F":0,"ELEVTYP_T":0},"geometry":{"type":"LineString","coordinates":[[-74.0433247522452,40.1690327546852],[-74.0431514254407,40.1690355295208]]}},{"type":"Feature","id":310235,"properties":{"OBJECTID":310235,"PRIMENAME":"FR RT 35 NB to RT 138 WB","ELEVTYP_F":1,"ELEVTYP_T":0},"geometry":{"type":"LineString","coordinates":[[-74.043127307626,40.1746178107861],[-74.0431958851124,40.1746446498614],[-74.0432667053404,40.1746678096822],[-74.0433394333263,40.1746871807003],[-74.0434137250615,40.1747026712892],[-74.0434832871382,40.1747102768119],[-74.0435534622553,40.1747130039838],[-74.0436236702087,40.1747108302567],[-74.043693330523,40.1747037736028],[-74.0437515710439,40.1746945959591],[-74.0438085975959,40.1746816898771],[-74.0438640053035,40.1746651469872],[-74.0439174007852,40.1746450847401],[-74.0439702653524,40.1746203677636],[-74.0440217217844,40.1745939600723],[-74.0440716782459,40.1745659087974],[-74.0441200455788,40.1745362640034],[-74.0444944982923,40.1742899216238],[-74.0445876829804,40.1742266666903],[-74.0446838169648,40.1741660645236],[-74.0447827719768,40.1741081959786],[-74.044884415985,40.1740531382629],[-74.044959201544,40.1740203956643],[-74.0450363850557,40.1739911101652],[-74.0451156952413,40.1739653846954],[-74.0451968533485,40.1739433096716],[-74.0452518452707,40.1739306603892],[-74.0455480682875,40.1738677301707],[-74.0458457117802,40.1738088766889],[-74.0461446804247,40.1737541187922],[-74.046444878473,40.1737034740173]]}},{"type":"Feature","id":310281,"properties":{"OBJECTID":310281,"PRIMENAME":"5th Avenue","ELEVTYP_F":0,"ELEVTYP_T":0},"geometry":{"type":"LineString","coordinates":[[-74.0140926664002,40.1823435431825],[-74.0120832815903,40.1819200354481],[-74.011932252218,40.1818882129377]]}},{"type":"Feature","id":310752,"properties":{"OBJECTID":310752,"PRIMENAME":"E Street","ELEVTYP_F":0,"ELEVTYP_T":0},"geometry":{"type":"LineString","coordinates":[[-74.0253519506898,40.174237406115],[-74.0253253106508,40.1743111993068],[-74.0250895357001,40.174963799265]]}},{"type":"Feature","id":311161,"properties":{"OBJECTID":311161,"PRIMENAME":"Marconi Road","ELEVTYP_F":0,"ELEVTYP_T":0},"geometry":{"type":"LineString","coordinates":[[-74.0500789325992,40.18024041861],[-74.0500053247613,40.1801026765644],[-74.0496546126909,40.1794307810897]]}},{"type":"Feature","id":312309,"properties":{"OBJECTID":312309,"PRIMENAME":"George Street","ELEVTYP_F":0,"ELEVTYP_T":0},"geometry":{"type":"LineString","coordinates":[[-74.0408993805072,40.1717609694782],[-74.040906469927,40.1718241936922],[-74.0410061376595,40.1727110653256],[-74.0410119779824,40.1727631386774]]}},{"type":"Feature","id":314115,"properties":{"OBJECTID":314115,"PRIMENAME":"18th Avenue","ELEVTYP_F":0,"ELEVTYP_T":0},"geometry":{"type":"LineString","coordinates":[[-74.0304306669065,40.1701085533367],[-74.0299500074254,40.1702100999235]]}},{"type":"Feature","id":315030,"properties":{"OBJECTID":315030,"PRIMENAME":"11th Avenue","ELEVTYP_F":0,"ELEVTYP_T":0},"geometry":{"type":"LineString","coordinates":[[-74.0295366036017,40.1791351866507],[-74.0297715740174,40.1792067822325]]}},{"type":"Feature","id":315551,"properties":{"OBJECTID":315551,"PRIMENAME":"Curtis Avenue","ELEVTYP_F":0,"ELEVTYP_T":0},"geometry":{"type":"LineString","coordinates":[[-74.0400461342174,40.1728666188701],[-74.0391622983082,40.1729613295986]]}},{"type":"Feature","id":315840,"properties":{"OBJECTID":315840,"PRIMENAME":"19th Avenue","ELEVTYP_F":0,"ELEVTYP_T":0},"geometry":{"type":"LineString","coordinates":[[-74.0185508555438,40.1700006026741],[-74.019219161967,40.1701466560132],[-74.0193122782933,40.1701565682114],[-74.0194467203725,40.1701420822634]]}},{"type":"Feature","id":316817,"properties":{"OBJECTID":316817,"PRIMENAME":"Benton Avenue","ELEVTYP_F":0,"ELEVTYP_T":0},"geometry":{"type":"LineString","coordinates":[[-74.0455870299026,40.1870161779918],[-74.0455179294651,40.1870991706542],[-74.0443151179385,40.1885433393376]]}},{"type":"Feature","id":317131,"properties":{"OBJECTID":317131,"PRIMENAME":"9th Avenue","ELEVTYP_F":0,"ELEVTYP_T":0},"geometry":{"type":"LineString","coordinates":[[-74.0213458833079,40.1795541485471],[-74.0194186956638,40.1791428301032]]}},{"type":"Feature","id":317134,"properties":{"OBJECTID":317134,"PRIMENAME":"North Boulevard","ELEVTYP_F":0,"ELEVTYP_T":0},"geometry":{"type":"LineString","coordinates":[[-74.0275449824842,40.1669118017941],[-74.0272570827357,40.167063758291],[-74.0257605993546,40.1678535755722],[-74.025554796854,40.1679623513439],[-74.0254799938738,40.168000176834],[-74.0254487483513,40.1680060337849]]}},{"type":"Feature","id":317273,"properties":{"OBJECTID":317273,"PRIMENAME":"16th Avenue","ELEVTYP_F":0,"ELEVTYP_T":0},"geometry":{"type":"LineString","coordinates":[[-74.0414082289537,40.1765995796422],[-74.0412468337083,40.1765868333393],[-74.0412416146354,40.1765859344986]]}},{"type":"Feature","id":317610,"properties":{"OBJECTID":317610,"PRIMENAME":"M Street","ELEVTYP_F":0,"ELEVTYP_T":0},"geometry":{"type":"LineString","coordinates":[[-74.0420322450199,40.172655473996],[-74.0419421935739,40.1716296485578]]}},{"type":"Feature","id":317820,"properties":{"OBJECTID":317820,"PRIMENAME":"18th Avenue","ELEVTYP_F":0,"ELEVTYP_T":0},"geometry":{"type":"LineString","coordinates":[[-74.0299500074254,40.1702100999235],[-74.0293219777302,40.1703428908001],[-74.0285882459497,40.170504978432]]}},{"type":"Feature","id":318597,"properties":{"OBJECTID":318597,"PRIMENAME":"FR RT 35 SB to RT 35 NB","ELEVTYP_F":0,"ELEVTYP_T":0},"geometry":{"type":"LineString","coordinates":[[-74.0252445179176,40.1887823756712],[-74.0251549040949,40.188654948051],[-74.0251141745228,40.1886046610968],[-74.0250930866982,40.1885786234297],[-74.0250175678528,40.1885437114624],[-74.0249885653421,40.1885332175388],[-74.0249582158112,40.1885252741049],[-74.0249268991996,40.1885199806026],[-74.0248950075531,40.1885174033003],[-74.024886490299,40.1885171485813],[-74.0248740337032,40.1885171244796],[-74.0248482918813,40.1885184751696],[-74.0248228154116,40.1885216085858],[-74.0248125296768,40.1885233515063],[-74.0247888030866,40.188532173553],[-74.0247663739631,40.1885428061504],[-74.0247454764042,40.188555138324],[-74.0247263285226,40.1885690413606],[-74.0247091301697,40.1885843701513],[-74.0246940608496,40.1886009647063],[-74.0246812778456,40.1886186518247],[-74.0246709145788,40.1886372469021]]}},{"type":"Feature","id":318910,"properties":{"OBJECTID":318910,"PRIMENAME":"12th Avenue","ELEVTYP_F":0,"ELEVTYP_T":0},"geometry":{"type":"LineString","coordinates":[[-74.0224253302588,40.1765836951692],[-74.0235308123861,40.1768155583632],[-74.0243612442413,40.1769881642622]]}},{"type":"Feature","id":318929,"properties":{"OBJECTID":318929,"PRIMENAME":"Laurel Terrace","ELEVTYP_F":0,"ELEVTYP_T":0},"geometry":{"type":"LineString","coordinates":[[-74.0244732361731,40.1714035073896],[-74.0244502277266,40.1713417263431],[-74.0238952427967,40.1698524689441]]}},{"type":"Feature","id":318956,"properties":{"OBJECTID":318956,"PRIMENAME":"North Boulevard","ELEVTYP_F":0,"ELEVTYP_T":0},"geometry":{"type":"LineString","coordinates":[[-74.0198036683292,40.1691593010662],[-74.0196052494435,40.1691426098225]]}},{"type":"Feature","id":319265,"properties":{"OBJECTID":319265,"PRIMENAME":"16th Avenue","ELEVTYP_F":0,"ELEVTYP_T":0},"geometry":{"type":"LineString","coordinates":[[-74.0323389391299,40.1753744527782],[-74.0322085336369,40.1753639149289],[-74.0321592792295,40.1753600645636]]}},{"type":"Feature","id":319351,"properties":{"OBJECTID":319351,"PRIMENAME":"11th Avenue","ELEVTYP_F":0,"ELEVTYP_T":0},"geometry":{"type":"LineString","coordinates":[[-74.014119878187,40.1758495611659],[-74.014267032339,40.1758810349283],[-74.014923564198,40.1760214956131],[-74.0162759584086,40.1763108176491]]}},{"type":"Feature","id":319596,"properties":{"OBJECTID":319596,"PRIMENAME":"3rd Avenue","ELEVTYP_F":0,"ELEVTYP_T":0},"geometry":{"type":"LineString","coordinates":[[-74.0118463735093,40.1840374764314],[-74.0113356377045,40.1839281467633],[-74.0112109118877,40.1839014574071]]}},{"type":"Feature","id":319656,"properties":{"OBJECTID":319656,"PRIMENAME":"Main Street","ELEVTYP_F":0,"ELEVTYP_T":0},"geometry":{"type":"LineString","coordinates":[[-74.0238033116094,40.1843924666898],[-74.0237418323571,40.1845696397828],[-74.023698633157,40.1847482066349],[-74.0236960229452,40.184761258401],[-74.0236793457344,40.1848446239132],[-74.023650306315,40.184994642624],[-74.0235935622836,40.1853943966383]]}},{"type":"Feature","id":319763,"properties":{"OBJECTID":319763,"PRIMENAME":"Marine Place","ELEVTYP_F":0,"ELEVTYP_T":0},"geometry":{"type":"LineString","coordinates":[[-74.0219186061013,40.189079020064],[-74.0219773998874,40.1886482833685],[-74.0219892861806,40.1885612533461]]}},{"type":"Feature","id":320177,"properties":{"OBJECTID":320177,"PRIMENAME":"People Street","ELEVTYP_F":0,"ELEVTYP_T":0},"geometry":{"type":"LineString","coordinates":[[-74.0367196660445,40.1685353700727],[-74.0367169141893,40.1684664526253],[-74.0367238500051,40.1683568614532],[-74.0368015668179,40.1678948683098],[-74.0368182474824,40.1678150745386]]}},{"type":"Feature","id":320482,"properties":{"OBJECTID":320482,"PRIMENAME":"13th Avenue","ELEVTYP_F":0,"ELEVTYP_T":0},"geometry":{"type":"LineString","coordinates":[[-74.0168757736394,40.1746418091055],[-74.0187279219191,40.1750417680143],[-74.0188106840972,40.17505932486]]}},{"type":"Feature","id":320505,"properties":{"OBJECTID":320505,"PRIMENAME":"Belmar Boulevard","ELEVTYP_F":0,"ELEVTYP_T":0},"geometry":{"type":"LineString","coordinates":[[-74.0426630336955,40.1764134174578],[-74.0423455970273,40.1764806938784],[-74.0417889260765,40.1765986713259],[-74.0417350887327,40.1766098049805]]}},{"type":"Feature","id":320686,"properties":{"OBJECTID":320686,"PRIMENAME":"16th Avenue","ELEVTYP_F":0,"ELEVTYP_T":0},"geometry":{"type":"LineString","coordinates":[[-74.0273031234362,40.1746587439313],[-74.0260579468085,40.1743856874616],[-74.0257901618833,40.1743294451794]]}},{"type":"Feature","id":320725,"properties":{"OBJECTID":320725,"PRIMENAME":"5th Avenue","ELEVTYP_F":0,"ELEVTYP_T":0},"geometry":{"type":"LineString","coordinates":[[-74.0198923185767,40.1835797469267],[-74.0180769130354,40.1831938518112],[-74.0179611553609,40.1831691290959]]}},{"type":"Feature","id":321656,"properties":{"OBJECTID":321656,"PRIMENAME":"Surf Avenue","ELEVTYP_F":0,"ELEVTYP_T":0},"geometry":{"type":"LineString","coordinates":[[-74.0169745155199,40.171723861418],[-74.0169966006399,40.1716625417285],[-74.0173203467718,40.1707656114388]]}},{"type":"Feature","id":322664,"properties":{"OBJECTID":322664,"PRIMENAME":"Jefferson Avenue","ELEVTYP_F":0,"ELEVTYP_T":0},"geometry":{"type":"LineString","coordinates":[[-74.0229968064824,40.1886403271814],[-74.0236011755187,40.1886867399158],[-74.023704893844,40.1887004264209]]}},{"type":"Feature","id":322777,"properties":{"OBJECTID":322777,"PRIMENAME":"Walnut Street","ELEVTYP_F":0,"ELEVTYP_T":0},"geometry":{"type":"LineString","coordinates":[[-74.0502138134472,40.1770665856422],[-74.0502236823751,40.177143794057],[-74.0503004924509,40.1777446202266],[-74.0503066035609,40.17781390698],[-74.0503467429697,40.1782690645251],[-74.0503525303252,40.1783358245124],[-74.0503895357477,40.1783740722938],[-74.0504452538674,40.1784076443526],[-74.0505321897003,40.1784127581805],[-74.0520492687799,40.1782708600503],[-74.0521363924561,40.1782473957983],[-74.0521801227114,40.1782046836888],[-74.052205345136,40.1781571227859],[-74.0521996197691,40.1780808375586],[-74.0521697764442,40.1778948393585],[-74.0521950261516,40.1778377529929]]}},{"type":"Feature","id":323179,"properties":{"OBJECTID":323179,"PRIMENAME":"Hilltop Drive","ELEVTYP_F":0,"ELEVTYP_T":0},"geometry":{"type":"LineString","coordinates":[[-74.0410671855016,40.1734503624624],[-74.0420021712933,40.1733441442468],[-74.0420965435576,40.1733334265704]]}},{"type":"Feature","id":323248,"properties":{"OBJECTID":323248,"PRIMENAME":"18th Avenue","ELEVTYP_F":0,"ELEVTYP_T":0},"geometry":{"type":"LineString","coordinates":[[-74.0244732361731,40.1714035073896],[-74.0239768754942,40.1715113882736],[-74.0239339372278,40.1715208471834]]}},{"type":"Feature","id":324133,"properties":{"OBJECTID":324133,"PRIMENAME":"People Street","ELEVTYP_F":0,"ELEVTYP_T":0},"geometry":{"type":"LineString","coordinates":[[-74.0367400184017,40.1691632408489],[-74.0367375721909,40.169086143767],[-74.0367221973291,40.1685999489673],[-74.0367196660445,40.1685353700727]]}},{"type":"Feature","id":324498,"properties":{"OBJECTID":324498,"PRIMENAME":"Campmeeting Street","ELEVTYP_F":0,"ELEVTYP_T":0},"geometry":{"type":"LineString","coordinates":[[-74.0343440431956,40.1685718513602],[-74.0343625261721,40.1684332067455],[-74.0344016690273,40.1681616914964],[-74.0345111417987,40.1675949579428],[-74.0345213381611,40.1675428937566]]}},{"type":"Feature","id":324615,"properties":{"OBJECTID":324615,"PRIMENAME":"18th Avenue","ELEVTYP_F":0,"ELEVTYP_T":0},"geometry":{"type":"LineString","coordinates":[[-74.0343853638897,40.1692596263158],[-74.033711347739,40.1694015925467]]}},{"type":"Feature","id":324926,"properties":{"OBJECTID":324926,"PRIMENAME":"Clinton Place","ELEVTYP_F":0,"ELEVTYP_T":0},"geometry":{"type":"LineString","coordinates":[[-74.0428532694079,40.1890276608355],[-74.0427456812319,40.1889670050511],[-74.04226351415,40.1886951526772],[-74.0421327478444,40.1886214241357],[-74.0421298588643,40.1886198482358]]}},{"type":"Feature","id":325427,"properties":{"OBJECTID":325427,"PRIMENAME":"Belmar Plaza","ELEVTYP_F":0,"ELEVTYP_T":0},"geometry":{"type":"LineString","coordinates":[[-74.0253011546961,40.1802460049467],[-74.0252521928663,40.1803816793827]]}},{"type":"Feature","id":325490,"properties":{"OBJECTID":325490,"PRIMENAME":"Gabrielle Lane","ELEVTYP_F":0,"ELEVTYP_T":0},"geometry":{"type":"LineString","coordinates":[[-74.0120321178358,40.1835109218097],[-74.0119956129402,40.1836143997188],[-74.011882434371,40.1839352297309],[-74.0118463735093,40.1840374764314]]}},{"type":"Feature","id":326108,"properties":{"OBJECTID":326108,"PRIMENAME":"Elizabeth Lane","ELEVTYP_F":0,"ELEVTYP_T":0},"geometry":{"type":"LineString","coordinates":[[-74.0120321178358,40.1835109218097],[-74.0120842285864,40.1835214361648],[-74.0129033105838,40.1836869375534]]}},{"type":"Feature","id":327568,"properties":{"OBJECTID":327568,"PRIMENAME":"Inlet Terrace","ELEVTYP_F":0,"ELEVTYP_T":0},"geometry":{"type":"LineString","coordinates":[[-74.0213836934816,40.1838967687828],[-74.0214704766786,40.1839752575732],[-74.0215816235805,40.184075809968],[-74.0216555760811,40.1841619049452],[-74.0217170761978,40.1842526976963],[-74.0217537354624,40.1843434157217],[-74.0217778387378,40.1844483846055],[-74.0217833309859,40.1845532486872],[-74.0217639804362,40.1846532608832],[-74.021656113707,40.1849721445263],[-74.0215803159592,40.1851434109942],[-74.0214985966949,40.1852812693791],[-74.0213355542039,40.1854903069633],[-74.0211664175115,40.185680238285],[-74.0210037752488,40.1858320922306],[-74.0208538228716,40.1859506437361],[-74.0207039021701,40.1860596146867],[-74.020541626938,40.1861590618685],[-74.0203920060994,40.186225152479],[-74.0199806782699,40.1863950264572],[-74.0197811707272,40.1864847935367],[-74.0195318489099,40.1865933496943],[-74.0194384075089,40.1866263165817],[-74.0192702709932,40.1866732489606]]}},{"type":"Feature","id":328331,"properties":{"OBJECTID":328331,"PRIMENAME":"Ocean Avenue","ELEVTYP_F":0,"ELEVTYP_T":0},"geometry":{"type":"LineString","coordinates":[[-74.0144692325283,40.1748876839269],[-74.014119878187,40.1758495611659]]}},{"type":"Feature","id":328914,"properties":{"OBJECTID":328914,"PRIMENAME":"Pinewood Drive","ELEVTYP_F":0,"ELEVTYP_T":0},"geometry":{"type":"LineString","coordinates":[[-74.0494905037891,40.1903943021259],[-74.0494859355114,40.1903651573957],[-74.0494680430531,40.1902506929383],[-74.0493831738546,40.1899310334302],[-74.0492744041962,40.1894635303218],[-74.0492440555355,40.1893490443368],[-74.0492446234312,40.1892632571681],[-74.0492706796345,40.1892205458877],[-74.0492823316797,40.1892014428824],[-74.0493700479956,40.1891016922332],[-74.0496821033613,40.188897945056],[-74.0497880807301,40.1888459496022],[-74.0499001910558,40.1888082815305],[-74.0499284379985,40.1888021865911]]}},{"type":"Feature","id":328958,"properties":{"OBJECTID":328958,"PRIMENAME":"10th Avenue","ELEVTYP_F":0,"ELEVTYP_T":0},"geometry":{"type":"LineString","coordinates":[[-74.0197819918931,40.1781395964322],[-74.0195514547758,40.1780907356733],[-74.0181244561975,40.1777893038201],[-74.0178498583325,40.1777311414284]]}},{"type":"Feature","id":329339,"properties":{"OBJECTID":329339,"PRIMENAME":"Curtis Avenue","ELEVTYP_F":0,"ELEVTYP_T":0},"geometry":{"type":"LineString","coordinates":[[-74.0391622983082,40.1729613295986],[-74.0386493087857,40.1730162788359],[-74.0381186774575,40.1730760416005]]}},{"type":"Feature","id":329353,"properties":{"OBJECTID":329353,"PRIMENAME":"A Street","ELEVTYP_F":0,"ELEVTYP_T":0},"geometry":{"type":"LineString","coordinates":[[-74.0148318917879,40.1803326057845],[-74.0145434759361,40.1811224726457],[-74.0145187982462,40.1811900955292]]}},{"type":"Feature","id":329754,"properties":{"OBJECTID":329754,"PRIMENAME":"17th Avenue","ELEVTYP_F":0,"ELEVTYP_T":0},"geometry":{"type":"LineString","coordinates":[[-74.0273620733767,40.173476486517],[-74.0275069599665,40.1734583825136],[-74.0279398912459,40.1734043676966],[-74.0294510065836,40.1732158212353]]}},{"type":"Feature","id":330038,"properties":{"OBJECTID":330038,"PRIMENAME":"13th Avenue","ELEVTYP_F":0,"ELEVTYP_T":0},"geometry":{"type":"LineString","coordinates":[[-74.0188106840972,40.17505932486],[-74.0206759843156,40.1754549957303],[-74.0207510271882,40.1754660676785]]}},{"type":"Feature","id":330986,"properties":{"OBJECTID":330986,"PRIMENAME":"Sea Spray Lane","ELEVTYP_F":0,"ELEVTYP_T":0},"geometry":{"type":"LineString","coordinates":[[-74.0290276744284,40.1845213973904],[-74.029086517943,40.1844645897258]]}},{"type":"Feature","id":331135,"properties":{"OBJECTID":331135,"PRIMENAME":"C Street","ELEVTYP_F":0,"ELEVTYP_T":0},"geometry":{"type":"LineString","coordinates":[[-74.0183907296626,40.181970878339],[-74.0183206265514,40.1821664621861]]}},{"type":"Feature","id":331405,"properties":{"OBJECTID":331405,"PRIMENAME":"2nd Avenue","ELEVTYP_F":0,"ELEVTYP_T":0},"geometry":{"type":"LineString","coordinates":[[-74.0143939830922,40.1890173111926],[-74.0144513357023,40.1885644463618]]}},{"type":"Feature","id":331734,"properties":{"OBJECTID":331734,"PRIMENAME":"West Railroad Avenue","ELEVTYP_F":0,"ELEVTYP_T":0},"geometry":{"type":"LineString","coordinates":[[-74.0281609114057,40.1788314848719],[-74.0281578361771,40.1788982647491],[-74.0278381791792,40.1797674586614]]}},{"type":"Feature","id":332314,"properties":{"OBJECTID":332314,"PRIMENAME":"17th Avenue","ELEVTYP_F":0,"ELEVTYP_T":0},"geometry":{"type":"LineString","coordinates":[[-74.0200504297621,40.1723721559976],[-74.0198823931081,40.1723366724238]]}},{"type":"Feature","id":332968,"properties":{"OBJECTID":332968,"PRIMENAME":"18th Avenue","ELEVTYP_F":0,"ELEVTYP_T":0},"geometry":{"type":"LineString","coordinates":[[-74.0201385064671,40.1713551503556],[-74.0190905082788,40.171135902142]]}},{"type":"Feature","id":333208,"properties":{"OBJECTID":333208,"PRIMENAME":"13th Avenue","ELEVTYP_F":0,"ELEVTYP_T":0},"geometry":{"type":"LineString","coordinates":[[-74.0288213622354,40.1768586786906],[-74.0285493293603,40.1768015122196]]}},{"type":"Feature","id":334763,"properties":{"OBJECTID":334763,"PRIMENAME":"East Railroad Avenue","ELEVTYP_F":0,"ELEVTYP_T":0},"geometry":{"type":"LineString","coordinates":[[-74.0275205846874,40.1796984095739],[-74.0275501146149,40.1796154309256],[-74.0278587380501,40.1787480986288],[-74.0281648351531,40.1778878415994],[-74.028198604352,40.177792031873]]}},{"type":"Feature","id":335069,"properties":{"OBJECTID":335069,"PRIMENAME":"C Street","ELEVTYP_F":0,"ELEVTYP_T":0},"geometry":{"type":"LineString","coordinates":[[-74.020994443637,40.1747865501207],[-74.0212392408298,40.1741033313844]]}},{"type":"Feature","id":335204,"properties":{"OBJECTID":335204,"PRIMENAME":"18th Avenue","ELEVTYP_F":0,"ELEVTYP_T":0},"geometry":{"type":"LineString","coordinates":[[-74.0269505034075,40.1708650395892],[-74.0261168556227,40.1710462506738]]}},{"type":"Feature","id":336017,"properties":{"OBJECTID":336017,"PRIMENAME":"North Boulevard","ELEVTYP_F":0,"ELEVTYP_T":0},"geometry":{"type":"LineString","coordinates":[[-74.0239541983933,40.1685695976001],[-74.0238476428688,40.1686702678186],[-74.0237787938131,40.1687366952174],[-74.0235787131518,40.1689217820572],[-74.0234098231646,40.1690831127444],[-74.0233286586556,40.1691399626991],[-74.0232414020895,40.1691825117574],[-74.0230421510118,40.1692436524024],[-74.0228063631361,40.1693047511059]]}},{"type":"Feature","id":336132,"properties":{"OBJECTID":336132,"PRIMENAME":"North Boulevard","ELEVTYP_F":0,"ELEVTYP_T":0},"geometry":{"type":"LineString","coordinates":[[-74.0180301639869,40.1677453632223],[-74.0177535362476,40.1674286424238],[-74.0176793015496,40.1673806756004],[-74.0174742019881,40.1673396543714],[-74.0173629140824,40.1673173959074],[-74.0172258996453,40.1672837310562]]}},{"type":"Feature","id":336327,"properties":{"OBJECTID":336327,"PRIMENAME":"15th Avenue","ELEVTYP_F":0,"ELEVTYP_T":0},"geometry":{"type":"LineString","coordinates":[[-74.0270424611572,40.1754188880254],[-74.0286703542981,40.1757689873484],[-74.0289145721291,40.1758215099581]]}},{"type":"Feature","id":337117,"properties":{"OBJECTID":337117,"PRIMENAME":"Ocean Avenue","ELEVTYP_F":0,"ELEVTYP_T":0},"geometry":{"type":"LineString","coordinates":[[-74.0126626907977,40.179872996595],[-74.0122922378269,40.1808949825056]]}},{"type":"Feature","id":337382,"properties":{"OBJECTID":337382,"PRIMENAME":"Woolley Lane","ELEVTYP_F":0,"ELEVTYP_T":0},"geometry":{"type":"LineString","coordinates":[[-74.0232454928502,40.172423460625],[-74.0231564674163,40.1724421730677],[-74.0222231239857,40.1726384838701]]}},{"type":"Feature","id":338102,"properties":{"OBJECTID":338102,"PRIMENAME":"H Street","ELEVTYP_F":0,"ELEVTYP_T":0},"geometry":{"type":"LineString","coordinates":[[-74.0328408575614,40.1718810153691],[-74.0326546947135,40.1728098414187]]}},{"type":"Feature","id":339021,"properties":{"OBJECTID":339021,"PRIMENAME":"14th Avenue","ELEVTYP_F":0,"ELEVTYP_T":0},"geometry":{"type":"LineString","coordinates":[[-74.020994443637,40.1747865501207],[-74.0202965394616,40.1746336320551],[-74.0190582267409,40.1743706587064]]}},{"type":"Feature","id":339094,"properties":{"OBJECTID":339094,"PRIMENAME":"South Riverside Drive","ELEVTYP_F":0,"ELEVTYP_T":0},"geometry":{"type":"LineString","coordinates":[[-74.0386884171329,40.1884853668054],[-74.038767540949,40.1891647780756],[-74.0387719173853,40.1892108065297]]}},{"type":"Feature","id":341171,"properties":{"OBJECTID":341171,"PRIMENAME":"Glenmere Avenue","ELEVTYP_F":0,"ELEVTYP_T":0},"geometry":{"type":"LineString","coordinates":[[-74.0465638497654,40.1890025292743],[-74.0465388675622,40.1886902679583],[-74.0465144104886,40.188637764528],[-74.0464773032385,40.1886090136999],[-74.0464243134844,40.1885679289247]]}},{"type":"Feature","id":341235,"properties":{"OBJECTID":341235,"PRIMENAME":"Hilltop Drive","ELEVTYP_F":0,"ELEVTYP_T":0},"geometry":{"type":"LineString","coordinates":[[-74.0382665288301,40.1737394502766],[-74.0385700530337,40.1737118071208],[-74.0392951626982,40.1736356313841]]}},{"type":"Feature","id":341761,"properties":{"OBJECTID":341761,"PRIMENAME":"World Street","ELEVTYP_F":0,"ELEVTYP_T":0},"geometry":{"type":"LineString","coordinates":[[-74.0350666275288,40.1685700599515],[-74.0350640841414,40.1685074849847],[-74.0350526068861,40.1683644651377],[-74.0350659701086,40.1682310715174],[-74.0351815980338,40.1676739155456],[-74.0351915063232,40.1676220140673]]}},{"type":"Feature","id":342448,"properties":{"OBJECTID":342448,"PRIMENAME":"9th Avenue","ELEVTYP_F":0,"ELEVTYP_T":0},"geometry":{"type":"LineString","coordinates":[[-74.0232795133254,40.1799638690502],[-74.021448557171,40.1795760685416],[-74.0213458833079,40.1795541485471]]}},{"type":"Feature","id":343085,"properties":{"OBJECTID":343085,"PRIMENAME":"5th Avenue","ELEVTYP_F":0,"ELEVTYP_T":0},"geometry":{"type":"LineString","coordinates":[[-74.0213836934816,40.1838967687828],[-74.0207572491153,40.1837635846659]]}},{"type":"Feature","id":343615,"properties":{"OBJECTID":343615,"PRIMENAME":"16th Avenue","ELEVTYP_F":0,"ELEVTYP_T":0},"geometry":{"type":"LineString","coordinates":[[-74.0291943390676,40.1750594353508],[-74.0287691169889,40.1749639268755],[-74.0280311216597,40.174814597615]]}},{"type":"Feature","id":344813,"properties":{"OBJECTID":344813,"PRIMENAME":"20th Avenue","ELEVTYP_F":0,"ELEVTYP_T":0},"geometry":{"type":"LineString","coordinates":[[-74.0196052494435,40.1691426098225],[-74.0193919114881,40.1691298084882],[-74.019263678977,40.169122113035],[-74.0191581451284,40.1691073441103],[-74.0191445929545,40.1691046884699],[-74.0189844338173,40.1690732947597],[-74.0188924266326,40.1690535037635]]}},{"type":"Feature","id":344817,"properties":{"OBJECTID":344817,"PRIMENAME":"13th Avenue","ELEVTYP_F":0,"ELEVTYP_T":0},"geometry":{"type":"LineString","coordinates":[[-74.0207510271882,40.1754660676785],[-74.0207753022928,40.1754696826029],[-74.021092029429,40.1754852959105],[-74.022675854072,40.175577598951],[-74.0227823027336,40.1756012626315]]}},{"type":"Feature","id":345693,"properties":{"OBJECTID":345693,"PRIMENAME":"14th Avenue","ELEVTYP_F":0,"ELEVTYP_T":0},"geometry":{"type":"LineString","coordinates":[[-74.0327118122673,40.1764253747474],[-74.0344446111282,40.1763738258551],[-74.0345882263714,40.1763695441027]]}},{"type":"Feature","id":345716,"properties":{"OBJECTID":345716,"PRIMENAME":"H Street","ELEVTYP_F":0,"ELEVTYP_T":0},"geometry":{"type":"LineString","coordinates":[[-74.0324850317391,40.1736905527723],[-74.032461336704,40.1738109750062]]}},{"type":"Feature","id":346600,"properties":{"OBJECTID":346600,"PRIMENAME":"7th Avenue","ELEVTYP_F":0,"ELEVTYP_T":0},"geometry":{"type":"LineString","coordinates":[[-74.0167575700857,40.1807404806717],[-74.0148318917879,40.1803326057845]]}},{"type":"Feature","id":346848,"properties":{"OBJECTID":346848,"PRIMENAME":"18th Avenue","ELEVTYP_F":0,"ELEVTYP_T":0},"geometry":{"type":"LineString","coordinates":[[-74.0274366047732,40.1707593827716],[-74.0269505034075,40.1708650395892]]}},{"type":"Feature","id":347617,"properties":{"OBJECTID":347617,"PRIMENAME":"8th Avenue","ELEVTYP_F":0,"ELEVTYP_T":0},"geometry":{"type":"LineString","coordinates":[[-74.0151909075597,40.1793226705815],[-74.0170110158345,40.1797149173503],[-74.0171190127855,40.1797379613136]]}},{"type":"Feature","id":349452,"properties":{"OBJECTID":349452,"PRIMENAME":"State Highway 35","ELEVTYP_F":0,"ELEVTYP_T":0},"geometry":{"type":"LineString","coordinates":[[-74.0446057512763,40.1718770178239],[-74.0444306001509,40.1721034447688],[-74.0444151524624,40.1721262630194],[-74.0443364813241,40.1722424796064],[-74.0442047372922,40.1724314124464],[-74.0441020062107,40.1726062971074],[-74.0440916143141,40.1726239869424],[-74.0439643543826,40.1728379462868],[-74.0438604262259,40.1730520253257],[-74.0437659345654,40.1732411043927],[-74.0436667049419,40.1734480359594],[-74.0436301094504,40.1735258850481],[-74.0436147167759,40.1735586306776],[-74.0435856973975,40.1736167433301]]}},{"type":"Feature","id":352066,"properties":{"OBJECTID":352066,"PRIMENAME":"Laird Avenue","ELEVTYP_F":1,"ELEVTYP_T":0},"geometry":{"type":"LineString","coordinates":[[-74.0258793003275,40.1857313738693],[-74.0259958822838,40.1853918766892]]}},{"type":"Feature","id":352067,"properties":{"OBJECTID":352067,"PRIMENAME":"H Street","ELEVTYP_F":0,"ELEVTYP_T":0},"geometry":{"type":"LineString","coordinates":[[-74.0313507731089,40.1778891971775],[-74.0313056371394,40.1779887770829],[-74.0312406095965,40.1780872064284],[-74.0311758521265,40.17815148585],[-74.0311581618432,40.1781649054583],[-74.0311061993223,40.1782043239204],[-74.0309738231937,40.1782858439221]]}},{"type":"Feature","id":352161,"properties":{"OBJECTID":352161,"PRIMENAME":"The Plaza","ELEVTYP_F":0,"ELEVTYP_T":0},"geometry":{"type":"LineString","coordinates":[[-74.0405432950409,40.1864674749691],[-74.0410032081409,40.1867101689195],[-74.0413860723208,40.1869122037515],[-74.0408976628912,40.1874631371289]]}},{"type":"Feature","id":352856,"properties":{"OBJECTID":352856,"PRIMENAME":"Main Street","ELEVTYP_F":0,"ELEVTYP_T":0},"geometry":{"type":"LineString","coordinates":[[-74.0232492666859,40.187679893293],[-74.0231595845781,40.1878047899004],[-74.0231401516166,40.1878685902719],[-74.0229071864292,40.1886334234864]]}},{"type":"Feature","id":353091,"properties":{"OBJECTID":353091,"PRIMENAME":"Laird Avenue","ELEVTYP_F":1,"ELEVTYP_T":0},"geometry":{"type":"LineString","coordinates":[[-74.0257763594015,40.1857159136616],[-74.0257365168844,40.1858308334201],[-74.0255403033398,40.1863930401522]]}},{"type":"Feature","id":353200,"properties":{"OBJECTID":353200,"PRIMENAME":"River Road","ELEVTYP_F":0,"ELEVTYP_T":0},"geometry":{"type":"LineString","coordinates":[[-74.0295366036017,40.1791351866507],[-74.0294186769903,40.1792640148895],[-74.0292824232823,40.1794243336188],[-74.029197742009,40.1795383572585],[-74.0290846879231,40.1797131007559],[-74.028990353319,40.1798771031649],[-74.0289246161117,40.1800050677826]]}},{"type":"Feature","id":353323,"properties":{"OBJECTID":353323,"PRIMENAME":"10th Avenue","ELEVTYP_F":0,"ELEVTYP_T":0},"geometry":{"type":"LineString","coordinates":[[-74.0291196356187,40.1800465338959],[-74.0289246161117,40.1800050677826]]}},{"type":"Feature","id":353817,"properties":{"OBJECTID":353817,"PRIMENAME":"State Highway 35","ELEVTYP_F":0,"ELEVTYP_T":0},"geometry":{"type":"LineString","coordinates":[[-74.0255403033398,40.1863930401522],[-74.0254432294416,40.1866711825802],[-74.0254169366329,40.1867465181069],[-74.0252787825379,40.1871499768145],[-74.0252520067399,40.187228169061],[-74.0252064217716,40.1873588007605]]}},{"type":"Feature","id":354227,"properties":{"OBJECTID":354227,"PRIMENAME":"12th Avenue","ELEVTYP_F":0,"ELEVTYP_T":0},"geometry":{"type":"LineString","coordinates":[[-74.0300953635824,40.1782014613655],[-74.030361853892,40.1782589854069],[-74.030417357692,40.1782784219851]]}},{"type":"Feature","id":354454,"properties":{"OBJECTID":354454,"PRIMENAME":"Laird Avenue","ELEVTYP_F":0,"ELEVTYP_T":0},"geometry":{"type":"LineString","coordinates":[[-74.0259958822838,40.1853918766892],[-74.0264382733127,40.1841035703592]]}},{"type":"Feature","id":354744,"properties":{"OBJECTID":354744,"PRIMENAME":"Main Street","ELEVTYP_F":0,"ELEVTYP_T":0},"geometry":{"type":"LineString","coordinates":[[-74.0229968064824,40.1886403271814],[-74.0232371121439,40.187886338427],[-74.0232506975392,40.1878437086563],[-74.0232492666859,40.187679893293]]}},{"type":"Feature","id":354886,"properties":{"OBJECTID":354886,"PRIMENAME":"State Highway 35","ELEVTYP_F":0,"ELEVTYP_T":0},"geometry":{"type":"LineString","coordinates":[[-74.0264382733127,40.1841035703592],[-74.0265248564513,40.1838514217076],[-74.0265904918427,40.1836891225533],[-74.0266657133781,40.1834738496424],[-74.0267591669179,40.1832869252335],[-74.0268290933608,40.1831705851672],[-74.0269587725598,40.182987450071]]}},{"type":"Feature","id":354941,"properties":{"OBJECTID":354941,"PRIMENAME":"River Road","ELEVTYP_F":0,"ELEVTYP_T":0},"geometry":{"type":"LineString","coordinates":[[-74.0388871141301,40.1784255477231],[-74.0388566152734,40.1784369567205],[-74.0386557711006,40.178504074853],[-74.0384783228576,40.1785569822448],[-74.0383429640097,40.1785886174791],[-74.0381610073537,40.1786200666826],[-74.0379931303264,40.1786337266658],[-74.0377743484201,40.1786489413061]]}},{"type":"Feature","id":355085,"properties":{"OBJECTID":355085,"PRIMENAME":"River Road","ELEVTYP_F":0,"ELEVTYP_T":0},"geometry":{"type":"LineString","coordinates":[[-74.032803720319,40.1782516250206],[-74.0325886204804,40.1782439621138],[-74.0323570258535,40.178235710691],[-74.0319469674611,40.1782269157967],[-74.0317125860026,40.1782342893768],[-74.0314435788319,40.1782427517791],[-74.0312585431928,40.1782532576412]]}},{"type":"Feature","id":355111,"properties":{"OBJECTID":355111,"PRIMENAME":"8th Avenue","ELEVTYP_F":0,"ELEVTYP_T":0},"geometry":{"type":"LineString","coordinates":[[-74.0276835358482,40.1820685118],[-74.0275865489786,40.1819512965351]]}},{"type":"Feature","id":355187,"properties":{"OBJECTID":355187,"PRIMENAME":"10th Avenue","ELEVTYP_F":0,"ELEVTYP_T":0},"geometry":{"type":"LineString","coordinates":[[-74.0278381791792,40.1797674586614],[-74.0277116506302,40.1797399492895],[-74.0275205846874,40.1796984095739]]}},{"type":"Feature","id":355337,"properties":{"OBJECTID":355337,"PRIMENAME":"River Road","ELEVTYP_F":0,"ELEVTYP_T":0},"geometry":{"type":"LineString","coordinates":[[-74.0377743484201,40.1786489413061],[-74.0375782214905,40.1786534838279],[-74.0374105254712,40.1786456481243],[-74.0372707808657,40.1786379527176],[-74.0370984448931,40.1786229601496],[-74.0369168884673,40.1786007943792],[-74.0365983778058,40.1785605638662]]}},{"type":"Feature","id":355357,"properties":{"OBJECTID":355357,"PRIMENAME":"State Highway 35","ELEVTYP_F":0,"ELEVTYP_T":0},"geometry":{"type":"LineString","coordinates":[[-74.0483873759648,40.1666017433375],[-74.0483811991527,40.1666104729481],[-74.0479060278239,40.1672949380247],[-74.0475720413252,40.1677762254963],[-74.0473660171009,40.1680682238651],[-74.047097432252,40.1684488840871]]}},{"type":"Feature","id":355386,"properties":{"OBJECTID":355386,"PRIMENAME":"Seaview Circle","ELEVTYP_F":0,"ELEVTYP_T":0},"geometry":{"type":"LineString","coordinates":[[-74.0265981197884,40.1858814579602],[-74.0260624867547,40.1857665423614],[-74.0258793003275,40.1857313738693]]}},{"type":"Feature","id":355438,"properties":{"OBJECTID":355438,"PRIMENAME":"River Road","ELEVTYP_F":0,"ELEVTYP_T":0},"geometry":{"type":"LineString","coordinates":[[-74.0365983778058,40.1785605638662],[-74.0361857596093,40.1785120772852],[-74.0354311070955,40.1784251012699]]}},{"type":"Feature","id":355996,"properties":{"OBJECTID":355996,"PRIMENAME":"8th Avenue","ELEVTYP_F":0,"ELEVTYP_T":0},"geometry":{"type":"LineString","coordinates":[[-74.0270327368793,40.181804069696],[-74.0267676602017,40.1817426231411],[-74.02646938327,40.1816734808123],[-74.026378617423,40.181652602028],[-74.0262575410806,40.1816771715819]]}},{"type":"Feature","id":356646,"properties":{"OBJECTID":356646,"PRIMENAME":"River Road","ELEVTYP_F":0,"ELEVTYP_T":0},"geometry":{"type":"LineString","coordinates":[[-74.0309738231937,40.1782858439221],[-74.0308885828583,40.1783048532236],[-74.0308583838015,40.1783141465366]]}},{"type":"Feature","id":356748,"properties":{"OBJECTID":356748,"PRIMENAME":"River Road","ELEVTYP_F":0,"ELEVTYP_T":0},"geometry":{"type":"LineString","coordinates":[[-74.0288605457629,40.1801298534487],[-74.0286880348721,40.1804656937113],[-74.0284571832457,40.180822160269],[-74.0283414878338,40.1809909504729],[-74.0283301283292,40.1810075252831],[-74.0282313129649,40.1811358753032],[-74.0281231659024,40.1812783809655],[-74.0279868308902,40.1814494041148],[-74.0278411044471,40.1816275545803],[-74.027714063593,40.1817950197985],[-74.0276154040192,40.1819161500836],[-74.0275865489786,40.1819512965351]]}},{"type":"Feature","id":361354,"properties":{"OBJECTID":361354,"PRIMENAME":"River Road","ELEVTYP_F":0,"ELEVTYP_T":0},"geometry":{"type":"LineString","coordinates":[[-74.0343480390711,40.178312861719],[-74.0341042199064,40.1782892323937],[-74.0336709714917,40.1782696160121],[-74.0332842107964,40.1782609196907],[-74.032803720319,40.1782516250206]]}},{"type":"Feature","id":361935,"properties":{"OBJECTID":361935,"PRIMENAME":"River Road","ELEVTYP_F":0,"ELEVTYP_T":0},"geometry":{"type":"LineString","coordinates":[[-74.0269587725598,40.182987450071],[-74.027001267893,40.1829274350941],[-74.0274522025527,40.1823532182758],[-74.0276835358482,40.1820685118]]}},{"type":"Feature","id":365347,"properties":{"OBJECTID":365347,"PRIMENAME":"Seaview Circle","ELEVTYP_F":0,"ELEVTYP_T":0},"geometry":{"type":"LineString","coordinates":[[-74.0255512938129,40.1866865424895],[-74.0256001122963,40.1865443817268]]}},{"type":"Feature","id":367865,"properties":{"OBJECTID":367865,"PRIMENAME":"River Road","ELEVTYP_F":0,"ELEVTYP_T":0},"geometry":{"type":"LineString","coordinates":[[-74.0305222570992,40.1784418393533],[-74.0304978065954,40.1784530509072],[-74.0303191498173,40.178534903958],[-74.030206221355,40.1785987946553],[-74.0301078938981,40.178662717482],[-74.0299725586506,40.1787526249344],[-74.0298127231885,40.1788867136189],[-74.0296861585965,40.1789970260635],[-74.0295426599709,40.1791286002914],[-74.0295366036017,40.1791351866507]]}},{"type":"Feature","id":370308,"properties":{"OBJECTID":370308,"PRIMENAME":"State Highway 35","ELEVTYP_F":0,"ELEVTYP_T":0},"geometry":{"type":"LineString","coordinates":[[-74.0451397330957,40.1712380399829],[-74.0447173319966,40.1717328076728],[-74.0446057512763,40.1718770178239]]}},{"type":"Feature","id":370800,"properties":{"OBJECTID":370800,"PRIMENAME":"Seaview Circle","ELEVTYP_F":0,"ELEVTYP_T":0},"geometry":{"type":"LineString","coordinates":[[-74.0257763594015,40.1857159136616],[-74.0256746213832,40.185719794903],[-74.0256509239837,40.1857275898664],[-74.0256303541472,40.1857395146798],[-74.0256141115625,40.1857548738566],[-74.0256031435439,40.1857727716086],[-74.0252952895851,40.186653490245],[-74.0250556146382,40.1873391427939],[-74.025012559216,40.1874623091831],[-74.0248378489203,40.1879298535015],[-74.0247455083306,40.1882019693553],[-74.0246507988358,40.1884951980367],[-74.0246709145788,40.1886372469021]]}},{"type":"Feature","id":371389,"properties":{"OBJECTID":371389,"PRIMENAME":"River Road","ELEVTYP_F":0,"ELEVTYP_T":0},"geometry":{"type":"LineString","coordinates":[[-74.0305238179232,40.1787087685663],[-74.03054436347,40.1786980077244],[-74.0306969748634,40.1786303244888],[-74.030871830622,40.1785598760408],[-74.0309165327305,40.1785449320941]]}},{"type":"Feature","id":371579,"properties":{"OBJECTID":371579,"PRIMENAME":"10th Avenue","ELEVTYP_F":0,"ELEVTYP_T":0},"geometry":{"type":"LineString","coordinates":[[-74.0275205846874,40.1796984095739],[-74.0269258433947,40.1795727719103],[-74.0265463202152,40.1794925977166],[-74.0257513399799,40.1793223494813],[-74.0256133163754,40.1793809720025]]}},{"type":"Feature","id":371592,"properties":{"OBJECTID":371592,"PRIMENAME":"The Plaza","ELEVTYP_F":0,"ELEVTYP_T":0},"geometry":{"type":"LineString","coordinates":[[-74.0408976628912,40.1874631371289],[-74.0407180187896,40.1873766351981],[-74.040569411598,40.1872949775044],[-74.0404146453383,40.1872086008459],[-74.0401607687357,40.1870789221506],[-74.040046224522,40.1870198114989],[-74.0405432950409,40.1864674749691]]}},{"type":"Feature","id":372755,"properties":{"OBJECTID":372755,"PRIMENAME":"State Highway 35","ELEVTYP_F":0,"ELEVTYP_T":0},"geometry":{"type":"LineString","coordinates":[[-74.0251549844396,40.1882439584327],[-74.0251527720102,40.1882247433527],[-74.0251405642089,40.1880866593457],[-74.0251453295611,40.1880328112869],[-74.0251638274557,40.187898219945],[-74.0251910811981,40.1877670312332],[-74.0252540860834,40.1875450875332],[-74.0253123859412,40.187380940672],[-74.0253257267389,40.1873433795523],[-74.0255512938129,40.1866865424895]]}},{"type":"Feature","id":373346,"properties":{"OBJECTID":373346,"PRIMENAME":"State Highway 138","ELEVTYP_F":0,"ELEVTYP_T":0},"geometry":{"type":"LineString","coordinates":[[-74.0425868654968,40.1742399041044],[-74.0425417385729,40.1742982824969],[-74.0424947360332,40.1743588222925],[-74.0424523139772,40.1744301693925],[-74.0424145197218,40.1745051032526],[-74.0423581532271,40.1746115900987],[-74.0423484382917,40.1746299435434],[-74.0422351141639,40.174851121777],[-74.0421217893007,40.1750722989865],[-74.0419943866368,40.1753112925383],[-74.0419094900296,40.1754610960717],[-74.041834079053,40.175589440597],[-74.0417586560118,40.1757142993989],[-74.0416550533626,40.175878303538],[-74.0415678202184,40.176043756738],[-74.0415221119701,40.1761304542229]]}},{"type":"Feature","id":373393,"properties":{"OBJECTID":373393,"PRIMENAME":"Parkway","ELEVTYP_F":0,"ELEVTYP_T":0},"geometry":{"type":"LineString","coordinates":[[-74.0228063631361,40.1693047511059],[-74.0228633858326,40.1695214065232],[-74.0228942057931,40.1696384992263],[-74.0233050395133,40.1707462685199],[-74.0235567720484,40.1714250235723],[-74.0236573822092,40.1715817808522]]}},{"type":"Feature","id":374875,"properties":{"OBJECTID":374875,"PRIMENAME":"State Highway 138","ELEVTYP_F":0,"ELEVTYP_T":0},"geometry":{"type":"LineString","coordinates":[[-74.0511651401655,40.1728339657033],[-74.0507057662382,40.1729004040727],[-74.0500529402382,40.1729915925942]]}},{"type":"Feature","id":377733,"properties":{"OBJECTID":377733,"PRIMENAME":"River Road","ELEVTYP_F":0,"ELEVTYP_T":0},"geometry":{"type":"LineString","coordinates":[[-74.0409063538942,40.1769999395717],[-74.0407242897479,40.1772111505338]]}},{"type":"Feature","id":378655,"properties":{"OBJECTID":378655,"PRIMENAME":"State Highway 35","ELEVTYP_F":0,"ELEVTYP_T":0},"geometry":{"type":"LineString","coordinates":[[-74.046119290925,40.1698445945471],[-74.0457845241372,40.1703107475524],[-74.0456732805036,40.1704801061476]]}},{"type":"Feature","id":380032,"properties":{"OBJECTID":380032,"PRIMENAME":"State Highway 138","ELEVTYP_F":1,"ELEVTYP_T":0},"geometry":{"type":"LineString","coordinates":[[-74.0435856973975,40.1736167433301],[-74.0435514569646,40.1736260798784],[-74.0434500332868,40.1736584313448],[-74.0433239669839,40.1737044109606],[-74.0432470145977,40.1737374388059],[-74.043183704952,40.1737646110792],[-74.043071427338,40.1738249475913],[-74.0429937049981,40.173871722882],[-74.0428795936428,40.1739492927494],[-74.0427858528315,40.1740311437109],[-74.0426967396738,40.17411658136],[-74.0426215956737,40.1741949362499],[-74.0425868654968,40.1742399041044]]}},{"type":"Feature","id":380682,"properties":{"OBJECTID":380682,"PRIMENAME":"State Highway 138","ELEVTYP_F":1,"ELEVTYP_T":1},"geometry":{"type":"LineString","coordinates":[[-74.0437684435305,40.1735718100091],[-74.0436788432301,40.1735914150326],[-74.0435856973975,40.1736167433301]]}},{"type":"Feature","id":380773,"properties":{"OBJECTID":380773,"PRIMENAME":"Laird Avenue","ELEVTYP_F":0,"ELEVTYP_T":1},"geometry":{"type":"LineString","coordinates":[[-74.0256001122963,40.1865443817268],[-74.0258793003275,40.1857313738693]]}},{"type":"Feature","id":381233,"properties":{"OBJECTID":381233,"PRIMENAME":"Main Street","ELEVTYP_F":0,"ELEVTYP_T":0},"geometry":{"type":"LineString","coordinates":[[-74.0226622334791,40.1896604329037],[-74.0229968064824,40.1886403271814]]}},{"type":"Feature","id":381712,"properties":{"OBJECTID":381712,"PRIMENAME":"State Highway 35","ELEVTYP_F":0,"ELEVTYP_T":0},"geometry":{"type":"LineString","coordinates":[[-74.047097432252,40.1684488840871],[-74.0468476964251,40.1688028429435],[-74.0467894450099,40.1688862880259],[-74.0461608320323,40.1697867500642],[-74.046119290925,40.1698445945471]]}},{"type":"Feature","id":382155,"properties":{"OBJECTID":382155,"PRIMENAME":"Seaview Circle","ELEVTYP_F":0,"ELEVTYP_T":0},"geometry":{"type":"LineString","coordinates":[[-74.0258793003275,40.1857313738693],[-74.0257763594015,40.1857159136616]]}},{"type":"Feature","id":382355,"properties":{"OBJECTID":382355,"PRIMENAME":"State Highway 35","ELEVTYP_F":0,"ELEVTYP_T":0},"geometry":{"type":"LineString","coordinates":[[-74.0415438569123,40.1761473271627],[-74.0414726902586,40.1762503846006],[-74.0414143056679,40.1763349323555]]}},{"type":"Feature","id":382684,"properties":{"OBJECTID":382684,"PRIMENAME":"River Road","ELEVTYP_F":0,"ELEVTYP_T":0},"geometry":{"type":"LineString","coordinates":[[-74.0308583838015,40.1783141465366],[-74.0307625135166,40.1783436821178],[-74.0306129853528,40.1784002599852],[-74.0305222570992,40.1784418393533]]}},{"type":"Feature","id":382757,"properties":{"OBJECTID":382757,"PRIMENAME":"River Road","ELEVTYP_F":0,"ELEVTYP_T":0},"geometry":{"type":"LineString","coordinates":[[-74.0412416146354,40.1765859344986],[-74.0411516955162,40.1767159782846],[-74.0410825189456,40.1768012792921],[-74.0410757995959,40.1768095659127],[-74.0409638041958,40.1769332902492],[-74.0409063538942,40.1769999395717]]}},{"type":"Feature","id":383140,"properties":{"OBJECTID":383140,"PRIMENAME":"River Road","ELEVTYP_F":0,"ELEVTYP_T":0},"geometry":{"type":"LineString","coordinates":[[-74.0275020822866,40.1820541720767],[-74.0274245788653,40.1821485798961],[-74.0271112709991,40.1825859840849],[-74.0268881134089,40.1828653178363],[-74.0268493415991,40.1829216290969]]}},{"type":"Feature","id":383710,"properties":{"OBJECTID":383710,"PRIMENAME":"State Highway 35","ELEVTYP_F":0,"ELEVTYP_T":0},"geometry":{"type":"LineString","coordinates":[[-74.0246709145788,40.1886372469021],[-74.0245143381693,40.1890944316582]]}},{"type":"Feature","id":384347,"properties":{"OBJECTID":384347,"PRIMENAME":"State Highway 35","ELEVTYP_F":0,"ELEVTYP_T":0},"geometry":{"type":"LineString","coordinates":[[-74.0414143056679,40.1763349323555],[-74.0413069945955,40.1764913990135],[-74.0412416146354,40.1765859344986]]}},{"type":"Feature","id":389273,"properties":{"OBJECTID":389273,"PRIMENAME":"River Road","ELEVTYP_F":0,"ELEVTYP_T":0},"geometry":{"type":"LineString","coordinates":[[-74.0407242897479,40.1772111505338],[-74.0403491881209,40.1775492516088],[-74.0401020558957,40.1777738214636],[-74.0400162692276,40.1778517756573],[-74.0398710035524,40.1779727322388],[-74.039786679862,40.1780367189632],[-74.0396697391793,40.1781077678536],[-74.039576170018,40.1781574149046],[-74.0394312784443,40.17821761902],[-74.0392069923065,40.1783060845818],[-74.0388871141301,40.1784255477231]]}},{"type":"Feature","id":392858,"properties":{"OBJECTID":392858,"PRIMENAME":"River Road","ELEVTYP_F":0,"ELEVTYP_T":0},"geometry":{"type":"LineString","coordinates":[[-74.0275865489786,40.1819512965351],[-74.0275326699869,40.1820169206314],[-74.0275298538269,40.1820203407165],[-74.0275020822866,40.1820541720767]]}},{"type":"Feature","id":394453,"properties":{"OBJECTID":394453,"PRIMENAME":"State Highway 35","ELEVTYP_F":0,"ELEVTYP_T":0},"geometry":{"type":"LineString","coordinates":[[-74.0253136387604,40.1891909803163],[-74.0253044866745,40.1891310037418],[-74.0252445179176,40.1887823756712]]}},{"type":"Feature","id":395563,"properties":{"OBJECTID":395563,"PRIMENAME":"Main Street","ELEVTYP_F":0,"ELEVTYP_T":0},"geometry":{"type":"LineString","coordinates":[[-74.0229071864292,40.1886334234864],[-74.0225799469407,40.1896541095042]]}},{"type":"Feature","id":396397,"properties":{"OBJECTID":396397,"PRIMENAME":"River Road","ELEVTYP_F":0,"ELEVTYP_T":0},"geometry":{"type":"LineString","coordinates":[[-74.0297715740174,40.1792067822325],[-74.0298399121807,40.1791477069536],[-74.0299331891443,40.1790740734711],[-74.0300190352254,40.1790089742861],[-74.0301420794018,40.1789212406752],[-74.0303283778756,40.178810978224],[-74.0305238179232,40.1787087685663]]}},{"type":"Feature","id":396581,"properties":{"OBJECTID":396581,"PRIMENAME":"State Highway 138","ELEVTYP_F":0,"ELEVTYP_T":0},"geometry":{"type":"LineString","coordinates":[[-74.0500529402382,40.1729915925942],[-74.0500433047785,40.1729929277823],[-74.0492365912806,40.1731056125872],[-74.0483882194482,40.1732237846392]]}},{"type":"Feature","id":396740,"properties":{"OBJECTID":396740,"PRIMENAME":"State Highway 35","ELEVTYP_F":0,"ELEVTYP_T":0},"geometry":{"type":"LineString","coordinates":[[-74.0268493415991,40.1829216290969],[-74.0267650763425,40.1830440207591],[-74.0266643842512,40.1832266274666],[-74.0265659764211,40.1834378389937],[-74.0264521256518,40.1837252457227],[-74.0263912407565,40.18390229389],[-74.0263865632214,40.1839156705126],[-74.0263202449037,40.184105313081],[-74.0262847246349,40.1842068883153],[-74.0262808916347,40.1842182040387]]}},{"type":"Feature","id":396869,"properties":{"OBJECTID":396869,"PRIMENAME":"State Highway 35","ELEVTYP_F":0,"ELEVTYP_T":0},"geometry":{"type":"LineString","coordinates":[[-74.0252445179176,40.1887823756712],[-74.0252033551849,40.1885430667111],[-74.0251990167569,40.1885178354081],[-74.0251651887898,40.1883325285866],[-74.0251549844396,40.1882439584327]]}},{"type":"Feature","id":397292,"properties":{"OBJECTID":397292,"PRIMENAME":"River Road","ELEVTYP_F":0,"ELEVTYP_T":0},"geometry":{"type":"LineString","coordinates":[[-74.0291196356187,40.1800465338959],[-74.029188891027,40.1799334473463],[-74.0292676514901,40.1798113836235],[-74.0293239139244,40.179723379351],[-74.0293951281459,40.1796212159384],[-74.0294700645686,40.1795190396864],[-74.0295486274322,40.1794254426576],[-74.0296270918741,40.1793460668639],[-74.0297316804075,40.1792411827772],[-74.0297715740174,40.1792067822325]]}},{"type":"Feature","id":397594,"properties":{"OBJECTID":397594,"PRIMENAME":"River Road","ELEVTYP_F":0,"ELEVTYP_T":0},"geometry":{"type":"LineString","coordinates":[[-74.0289246161117,40.1800050677826],[-74.0288915646159,40.1800694190598],[-74.0288605457629,40.1801298534487]]}},{"type":"Feature","id":397823,"properties":{"OBJECTID":397823,"PRIMENAME":"State Highway 35","ELEVTYP_F":0,"ELEVTYP_T":0},"geometry":{"type":"LineString","coordinates":[[-74.0435856973975,40.1736167433301],[-74.0435202587616,40.1737477366784],[-74.0434587978596,40.1738725967415],[-74.0433881262774,40.1739938510566],[-74.0432939307267,40.1741436189731],[-74.0432139916281,40.1742541023365],[-74.0431340763726,40.1743503108891],[-74.043058908487,40.1744429417133],[-74.042966253827,40.174538715278]]}},{"type":"Feature","id":397948,"properties":{"OBJECTID":397948,"PRIMENAME":"River Road","ELEVTYP_F":0,"ELEVTYP_T":0},"geometry":{"type":"LineString","coordinates":[[-74.0309165327305,40.1785449320941],[-74.0310652563817,40.1784952119365],[-74.0312585683427,40.1784419126925],[-74.0313353702241,40.1784240146218],[-74.031414650117,40.1784055383873],[-74.0315818410036,40.1783720639646],[-74.0317564760478,40.1783386194072],[-74.0319978939109,40.1783054166395],[-74.0322392369155,40.1782779512801],[-74.0324768512014,40.1782618351057],[-74.0325890209235,40.1782583313342],[-74.032803720319,40.1782516250206]]}},{"type":"Feature","id":397963,"properties":{"OBJECTID":397963,"PRIMENAME":"State Highway 35","ELEVTYP_F":0,"ELEVTYP_T":0},"geometry":{"type":"LineString","coordinates":[[-74.042966253827,40.174538715278],[-74.0428900339383,40.1746174506786],[-74.0427304880099,40.1747776664474],[-74.042533519365,40.1749627711786],[-74.0423546306258,40.1751359788253],[-74.0422614760843,40.1752261746389],[-74.0421159683587,40.1753793350881],[-74.0419985418564,40.1755182757515],[-74.0418669895294,40.1756821965396],[-74.0417493709346,40.175849714689],[-74.0416015356727,40.1760638006153],[-74.0415438569123,40.1761473271627]]}},{"type":"Feature","id":398227,"properties":{"OBJECTID":398227,"PRIMENAME":"River Road","ELEVTYP_F":0,"ELEVTYP_T":0},"geometry":{"type":"LineString","coordinates":[[-74.0354311070955,40.1784251012699],[-74.0347515763487,40.178349046628],[-74.0343480390711,40.178312861719]]}},{"type":"Feature","id":398452,"properties":{"OBJECTID":398452,"PRIMENAME":"Pascal Place","ELEVTYP_F":0,"ELEVTYP_T":0},"geometry":{"type":"LineString","coordinates":[[-74.0483882194482,40.1732237846392],[-74.0482316060301,40.1732464534816]]}},{"type":"Feature","id":398471,"properties":{"OBJECTID":398471,"PRIMENAME":"Laird Avenue","ELEVTYP_F":0,"ELEVTYP_T":1},"geometry":{"type":"LineString","coordinates":[[-74.0258865981787,40.1853952939965],[-74.0257798323723,40.1857059006622],[-74.0257763594015,40.1857159136616]]}},{"type":"Feature","id":399508,"properties":{"OBJECTID":399508,"PRIMENAME":"The Plaza","ELEVTYP_F":0,"ELEVTYP_T":0},"geometry":{"type":"LineString","coordinates":[[-74.0401042166737,40.1862357907584],[-74.0401847884362,40.1862783056755],[-74.0405432950409,40.1864674749691]]}},{"type":"Feature","id":399599,"properties":{"OBJECTID":399599,"PRIMENAME":"State Highway 138","ELEVTYP_F":0,"ELEVTYP_T":0},"geometry":{"type":"LineString","coordinates":[[-74.0482316060301,40.1732464534816],[-74.0479113174691,40.1732921754668],[-74.0476349050505,40.1733316308538],[-74.0475137080264,40.1733489312473],[-74.047265350662,40.1733854339853]]}},{"type":"Feature","id":399870,"properties":{"OBJECTID":399870,"PRIMENAME":"Seaview Circle","ELEVTYP_F":0,"ELEVTYP_T":0},"geometry":{"type":"LineString","coordinates":[[-74.0252064217716,40.1873588007605],[-74.0251683033357,40.1874680368895],[-74.0251102832967,40.1875898098349],[-74.0250698603723,40.1876830602892],[-74.0249739548957,40.1878904679877],[-74.0249210225075,40.1879951047345],[-74.0248706171339,40.1880940325363],[-74.0248357007424,40.1881712266389],[-74.0248327450221,40.1881777606173],[-74.0247779812345,40.1883058001345],[-74.0247505844235,40.1884029912499],[-74.0246709145788,40.1886372469021]]}},{"type":"Feature","id":400404,"properties":{"OBJECTID":400404,"PRIMENAME":"State Highway 138","ELEVTYP_F":0,"ELEVTYP_T":0},"geometry":{"type":"LineString","coordinates":[[-74.0415221119701,40.1761304542229],[-74.0414749597237,40.176219889434],[-74.0414143056679,40.1763349323555]]}},{"type":"Feature","id":400497,"properties":{"OBJECTID":400497,"PRIMENAME":"10th Avenue","ELEVTYP_F":0,"ELEVTYP_T":0},"geometry":{"type":"LineString","coordinates":[[-74.0281347339264,40.1798323185448],[-74.0278381791792,40.1797674586614]]}},{"type":"Feature","id":400581,"properties":{"OBJECTID":400581,"PRIMENAME":"12th Avenue","ELEVTYP_F":0,"ELEVTYP_T":0},"geometry":{"type":"LineString","coordinates":[[-74.030417357692,40.1782784219851],[-74.0304858170616,40.1783023964492],[-74.0305042012426,40.1783406308939],[-74.0305101325846,40.1783835082669],[-74.0305222570992,40.1784418393533]]}},{"type":"Feature","id":400583,"properties":{"OBJECTID":400583,"PRIMENAME":"Laird Avenue","ELEVTYP_F":0,"ELEVTYP_T":0},"geometry":{"type":"LineString","coordinates":[[-74.0262808916347,40.1842182040387],[-74.0262060548442,40.1844391507017],[-74.0261954991237,40.1844711859844],[-74.0259927528871,40.1850864653487],[-74.0258865981787,40.1853952939965]]}},{"type":"Feature","id":400892,"properties":{"OBJECTID":400892,"PRIMENAME":"State Highway 35","ELEVTYP_F":0,"ELEVTYP_T":0},"geometry":{"type":"LineString","coordinates":[[-74.0456732805036,40.1704801061476],[-74.0454081618214,40.1708525877934],[-74.0451397330957,40.1712380399829]]}},{"type":"Feature","id":400935,"properties":{"OBJECTID":400935,"PRIMENAME":"8th Avenue","ELEVTYP_F":0,"ELEVTYP_T":0},"geometry":{"type":"LineString","coordinates":[[-74.0275865489786,40.1819512965351],[-74.0270727234582,40.1818133478917],[-74.0270327368793,40.181804069696]]}},{"type":"Feature","id":401115,"properties":{"OBJECTID":401115,"PRIMENAME":"River Road","ELEVTYP_F":0,"ELEVTYP_T":0},"geometry":{"type":"LineString","coordinates":[[-74.0312585431928,40.1782532576412],[-74.0311498776613,40.1782594340141],[-74.0310146497806,40.178276758453],[-74.0309738231937,40.1782858439221]]}},{"type":"Feature","id":401503,"properties":{"OBJECTID":401503,"PRIMENAME":"River Road","ELEVTYP_F":0,"ELEVTYP_T":0},"geometry":{"type":"LineString","coordinates":[[-74.0276835358482,40.1820685118],[-74.0277688128484,40.181963558868],[-74.0279215814347,40.1817755423872],[-74.0281446769342,40.1814972583155],[-74.0282888315927,40.1813070031688],[-74.0283770850368,40.1812048747124],[-74.0284468329424,40.1811132708789],[-74.0284894089673,40.1810573537401],[-74.0285165806408,40.1810216697028],[-74.0286562711389,40.1808101921668],[-74.0287819702157,40.1806233954965],[-74.0288476973057,40.1805316507518],[-74.0289315109696,40.180363367087],[-74.0290117598753,40.1802318362858],[-74.0290402457225,40.1801761669422]]}},{"type":"Feature","id":401542,"properties":{"OBJECTID":401542,"PRIMENAME":"River Road","ELEVTYP_F":0,"ELEVTYP_T":0},"geometry":{"type":"LineString","coordinates":[[-74.0290402457225,40.1801761669422],[-74.0291196356187,40.1800465338959]]}},{"type":"Feature","id":401610,"properties":{"OBJECTID":401610,"PRIMENAME":"10th Avenue","ELEVTYP_F":0,"ELEVTYP_T":0},"geometry":{"type":"LineString","coordinates":[[-74.0289246161117,40.1800050677826],[-74.0281347339264,40.1798323185448]]}},{"type":"Feature","id":401615,"properties":{"OBJECTID":401615,"PRIMENAME":"Marconi Road","ELEVTYP_F":0,"ELEVTYP_T":0},"geometry":{"type":"LineString","coordinates":[[-74.0489316323532,40.1738321414855],[-74.0489742237456,40.1736910360174],[-74.0489854536038,40.1735785237938],[-74.0490043985749,40.1734901446732],[-74.0490466905736,40.1734319994878],[-74.0491152142405,40.1733739573444],[-74.0492520678565,40.1733032501581]]}},{"type":"Feature","id":401861,"properties":{"OBJECTID":401861,"PRIMENAME":"State Highway 138","ELEVTYP_F":0,"ELEVTYP_T":0},"geometry":{"type":"LineString","coordinates":[[-74.047265350662,40.1733854339853],[-74.0470863801185,40.1734117750841],[-74.0467132335989,40.1734639294693],[-74.0465347007392,40.1734877783503],[-74.0465313432613,40.1734882263476],[-74.0462935407943,40.1735087903047],[-74.0460883990387,40.1735258304732],[-74.045825322102,40.1735416108504],[-74.045808714399,40.1735426057998],[-74.0455430703831,40.1735522697671],[-74.0452214907102,40.1735510070629],[-74.0448721046867,40.1735389278004],[-74.0445213713015,40.1735250300185],[-74.0442666210413,40.1735216668723],[-74.0440821938239,40.1735283785834],[-74.0440753258248,40.1735286280466],[-74.0439447521273,40.1735424165631],[-74.0438096961564,40.1735627757326],[-74.0437684435305,40.1735718100091]]}},{"type":"Feature","id":403131,"properties":{"OBJECTID":403131,"PRIMENAME":"Unnamed Segment","ELEVTYP_F":0,"ELEVTYP_T":0},"geometry":{"type":"LineString","coordinates":[[-74.0257901618833,40.1743294451794],[-74.0258117797359,40.1742552962591]]}},{"type":"Feature","id":434931,"properties":{"OBJECTID":434931,"PRIMENAME":"Belmar Boardwalk","ELEVTYP_F":0,"ELEVTYP_T":0},"geometry":{"type":"LineString","coordinates":[[-74.016959942239,40.1674845980859],[-74.0165664887123,40.1685752114697],[-74.0162017863138,40.1696093727319],[-74.015669695575,40.1710475333153],[-74.0143158567665,40.1747581392818],[-74.0129094413556,40.1786599768817],[-74.0124636464635,40.1799113632283],[-74.012012535217,40.1811105066394],[-74.0115606901467,40.1824097307586],[-74.0110338219017,40.1838827014876],[-74.0105591822491,40.1851905288684],[-74.0104202011561,40.1855815847236]]}},{"type":"Feature","id":434932,"properties":{"OBJECTID":434932,"PRIMENAME":"Avon Boardwalk","ELEVTYP_F":0,"ELEVTYP_T":0},"geometry":{"type":"LineString","coordinates":[[-74.0099007046229,40.1879809296517],[-74.0097979652386,40.1886693301568],[-74.0098081693911,40.1887610332707],[-74.009649605058,40.1901602548213],[-74.009588037789,40.1906627327258],[-74.0095244883739,40.1909374422223],[-74.0093088252743,40.1917142465251],[-74.009174739276,40.1922275273887],[-74.0089308671199,40.1931478795781],[-74.0089259890827,40.1931782296274],[-74.008837531672,40.1931689214734],[-74.0087751216982,40.1934241257574],[-74.0088645580168,40.1934335624053],[-74.0088521004458,40.1935090905445],[-74.0087514773159,40.1939545667442]]}}]}
